dataset,model,variant,reported,ours,abs_diff,rel_diff,status,n_runs
instagram,bwgnn,baseline,51.52±2.43,51.13±0.00,-0.39,-0.7%,MATCH,1
instagram,bwgnn,text,54.10±0.71,57.70±0.00,+3.60,+6.6%,DEVIATION,1
instagram,care_gnn,baseline,52.07±1.95,49.99±0.00,-2.08,-4.0%,DEVIATION,1
instagram,care_gnn,text,54.92±0.38,60.92±0.00,+6.00,+10.9%,DEVIATION,1
instagram,dga_gnn,baseline,50.86±0.48,51.14±0.00,+0.28,+0.6%,MATCH,1
instagram,dga_gnn,text,56.28±1.07,61.05±0.00,+4.77,+8.5%,DEVIATION,1
instagram,gat,baseline,51.53±1.12,49.68±0.00,-1.85,-3.6%,CLOSE,1
instagram,gat,text,54.69±0.76,62.13±0.00,+7.44,+13.6%,DEVIATION,1
instagram,gcn,baseline,52.61±1.80,53.58±0.00,+0.97,+1.8%,MATCH,1
instagram,gcn,text,55.74±0.73,60.34±0.00,+4.60,+8.3%,DEVIATION,1
instagram,geniepath,baseline,51.22±3.16,49.43±0.00,-1.79,-3.5%,CLOSE,1
instagram,geniepath,text,52.45±2.31,58.89±0.00,+6.44,+12.3%,DEVIATION,1
instagram,pmp,baseline,50.63±0.52,49.75±0.00,-0.88,-1.7%,MATCH,1
instagram,pmp,text,56.05±1.27,59.69±0.00,+3.64,+6.5%,DEVIATION,1
reddit,bwgnn,baseline,53.82±2.49,60.74±0.00,+6.92,+12.9%,DEVIATION,1
reddit,bwgnn,text,57.56±1.53,66.52±0.00,+8.96,+15.6%,DEVIATION,1
reddit,care_gnn,baseline,51.35±1.62,52.14±0.00,+0.79,+1.5%,MATCH,1
reddit,care_gnn,text,56.72±1.38,62.35±0.00,+5.63,+9.9%,DEVIATION,1
reddit,dga_gnn,baseline,50.10±0.53,50.36±0.00,+0.26,+0.5%,MATCH,1
reddit,dga_gnn,text,59.59±1.60,61.28±0.00,+1.69,+2.8%,CLOSE,1
reddit,gat,baseline,52.66±2.25,52.18±0.00,-0.48,-0.9%,MATCH,1
reddit,gat,text,59.32±0.29,64.13±0.00,+4.81,+8.1%,DEVIATION,1
reddit,gcn,baseline,50.32±0.26,58.51±0.00,+8.19,+16.3%,DEVIATION,1
reddit,gcn,text,57.82±1.94,59.69±0.00,+1.87,+3.2%,CLOSE,1
reddit,geniepath,baseline,52.18±1.48,59.35±0.00,+7.17,+13.7%,DEVIATION,1
reddit,geniepath,text,56.91±1.85,59.67±0.00,+2.76,+4.9%,DEVIATION,1
reddit,pmp,baseline,50.16±0.12,56.90±0.00,+6.74,+13.4%,DEVIATION,1
reddit,pmp,text,59.79±0.43,63.20±0.00,+3.41,+5.7%,DEVIATION,1
