experiment_id,timestamp,git_commit,schema_version,dataset,model,variant,impl_source,fidelity_class,model_fidelity,seed,initialization,device,device_name,framework,python_version,platform,dataset_version,dataset_manifest_sha256,prompt_version,llm_model,llm_finetuned,best_epoch,epochs_run,stopped_early,threshold,threshold_policy,validation_auc,validation_f1_macro,test_auc,test_f1_macro,test_precision_fraud,test_recall_fraud,test_f1_fraud,test_accuracy,test_ks,test_ece,training_time,inference_time,checkpoint_path,status,error_message,notes,extra.device_kind,extra.feature_source,extra.split_sizes,extra.epoch_history,extra.test_label_distribution,sampling_config.hops,sampling_config.top_k,sampling_config.similarity_threshold,sampling_config.strategy,sampling_config.per_hop,sampling_config.threshold_first,sampling_config.seed,sampling_config.include_center,sampling_config.cache_key,hyperparameters.cfg_epochs,hyperparameters.cfg_lr,hyperparameters.cfg_weight_decay,hyperparameters.cfg_dropout,hyperparameters.cfg_hidden_dim,hyperparameters.cfg_accumulation_steps,hyperparameters.cfg_optimizer,hyperparameters.cfg_early_stopping,hyperparameters.cfg_patience,hyperparameters.cfg_selection_metric,hyperparameters.cfg_threshold_policy,hyperparameters.cfg_class_weighted_loss,hyperparameters.cfg_shuffle_each_epoch,hyperparameters.cfg_max_grad_norm,hyperparameters.cfg_log_every
a3a54f02ef1d,2026-09-15T10:52:57+00:00,301139375adc164817e46cf99c40704624c8c47d-dirty,results-v1,instagram,bwgnn,baseline,flag_bundled,approximation,"beta-wavelet basis NOT applied - the polynomial is evaluated over raw adjacency A, not the normalised Laplacian, so it is not a beta wavelet. Theta coefficients themselves are correct.",0,0,cpu,x86_64,torch 2.14.0+cu130,3.12.14,Linux-5.15.0-119-generic-x86_64-with-glibc2.39,benchmark-v1,b0d8f240a7f8c9a48e35d85144621b650f8a6a09231664d413c107eacaf49406,,,False,3,5,False,0.7,validation_swept,0.5492074484456756,0.5486525778848718,0.5472653584128543,0.5190177679665758,0.1256544502617801,0.1245674740484429,0.12510860121633363,0.8416168606480026,0.086159169550173,0.15313316481572467,84.09,43.6,,completed,,,cpu,stored graph features (4096d). The paper calls these 'shallow embeddings'; measured to be 4096-d and Llama-2-derived - see research/dataset_notes.md section 7.,"{'train': 794, 'val': 794, 'test': 6358}","[{'epoch': 1, 'train_loss': 40.53471, 'val_auc': 0.56315, 'val_f1_macro': 0.50246}, {'epoch': 2, 'train_loss': 5.37017, 'val_auc': 0.57721, 'val_f1_macro': 0.48174}, {'epoch': 3, 'train_loss': 3.15729, 'val_auc': 0.54921, 'val_f1_macro': 0.54865}, {'epoch': 4, 'train_loss': 5.30987, 'val_auc': 0.47654, 'val_f1_macro': 0.48608}, {'epoch': 5, 'train_loss': 2.71992, 'val_auc': 0.5029, 'val_f1_macro': 0.47625}]","{'0': 5780, '1': 578}",2,10,0.0,none,True,True,0,True,none_h2_k10_t0_perhop,5,0.01,0.0,0.5,32,10,adam,True,10,f1_macro,validation_swept,False,True,,0
4f7a5bb7f793,2026-09-15T10:55:12+00:00,301139375adc164817e46cf99c40704624c8c47d-dirty,results-v1,instagram,care_gnn,baseline,flag_bundled,approximation,"NOT CARE-GNN - no RL neighbour filtering, no label-aware similarity, no multi-relation aggregation. A similarity-gated mean aggregator.",0,0,cpu,x86_64,torch 2.14.0+cu130,3.12.14,Linux-5.15.0-119-generic-x86_64-with-glibc2.39,benchmark-v1,b0d8f240a7f8c9a48e35d85144621b650f8a6a09231664d413c107eacaf49406,,,False,1,5,False,0.25,validation_swept,0.502770083102493,0.4762532981530343,0.4991361454005579,0.47619047619047616,0.0,0.0,0.0,0.9090909090909091,0.0020761245674740486,0.1226075781159485,473.44,287.34,,completed,,,cpu,stored graph features (4096d). The paper calls these 'shallow embeddings'; measured to be 4096-d and Llama-2-derived - see research/dataset_notes.md section 7.,"{'train': 794, 'val': 794, 'test': 6358}","[{'epoch': 1, 'train_loss': 0.46937, 'val_auc': 0.50277, 'val_f1_macro': 0.47625}, {'epoch': 2, 'train_loss': 0.32785, 'val_auc': 0.50485, 'val_f1_macro': 0.47625}, {'epoch': 3, 'train_loss': 0.60136, 'val_auc': 0.49307, 'val_f1_macro': 0.47521}, {'epoch': 4, 'train_loss': 0.31074, 'val_auc': 0.50905, 'val_f1_macro': 0.47625}, {'epoch': 5, 'train_loss': 0.3087, 'val_auc': 0.50212, 'val_f1_macro': 0.47625}]","{'0': 5780, '1': 578}",2,10,0.0,none,True,True,0,True,none_h2_k10_t0_perhop,5,0.01,0.0,0.5,32,10,adam,True,10,f1_macro,validation_swept,False,True,,0
a216997610e5,2026-09-15T11:08:33+00:00,301139375adc164817e46cf99c40704624c8c47d-dirty,results-v1,instagram,dga_gnn,baseline,flag_bundled,approximation,"NOT DGA-GNN - no decision-tree dynamic grouping, no bidirectional grouped aggregation. GraphSAGE-mean.",0,0,cpu,x86_64,torch 2.14.0+cu130,3.12.14,Linux-5.15.0-119-generic-x86_64-with-glibc2.39,benchmark-v1,b0d8f240a7f8c9a48e35d85144621b650f8a6a09231664d413c107eacaf49406,,,False,4,5,False,0.15,validation_swept,0.576773622653124,0.5354246648463323,0.5096881323260019,0.5087772217045462,0.1101511879049676,0.08823529411764706,0.09798270893371758,0.8523120478137779,0.0600346020761246,0.03291683611584355,217.51,125.5,,completed,,,cpu,stored graph features (4096d). The paper calls these 'shallow embeddings'; measured to be 4096-d and Llama-2-derived - see research/dataset_notes.md section 7.,"{'train': 794, 'val': 794, 'test': 6358}","[{'epoch': 1, 'train_loss': 1.46408, 'val_auc': 0.55565, 'val_f1_macro': 0.5206}, {'epoch': 2, 'train_loss': 0.37469, 'val_auc': 0.57298, 'val_f1_macro': 0.49914}, {'epoch': 3, 'train_loss': 0.33501, 'val_auc': 0.55902, 'val_f1_macro': 0.52385}, {'epoch': 4, 'train_loss': 0.42676, 'val_auc': 0.57677, 'val_f1_macro': 0.53542}, {'epoch': 5, 'train_loss': 0.34336, 'val_auc': 0.47638, 'val_f1_macro': 0.47625}]","{'0': 5780, '1': 578}",2,10,0.0,none,True,True,0,True,none_h2_k10_t0_perhop,5,0.01,0.0,0.5,32,10,adam,True,10,f1_macro,validation_swept,False,True,,0
88d1061122a7,2026-09-15T11:14:34+00:00,301139375adc164817e46cf99c40704624c8c47d-dirty,results-v1,instagram,gat,baseline,flag_bundled,adapted,"NOT canonical GAT - conv2 is a SAGEConv, not a GATConv, so the second layer performs no attention",0,0,cpu,x86_64,torch 2.14.0+cu130,3.12.14,Linux-5.15.0-119-generic-x86_64-with-glibc2.39,benchmark-v1,b0d8f240a7f8c9a48e35d85144621b650f8a6a09231664d413c107eacaf49406,,,False,4,5,False,0.05,validation_swept,0.4848126346568175,0.5486023664929255,0.48734958872618866,0.5156147552450616,0.12614678899082568,0.09515570934256055,0.10848126232741617,0.8578169235608682,0.061937716262975784,0.09114378086316854,130.75,43.98,,completed,,,cpu,stored graph features (4096d). The paper calls these 'shallow embeddings'; measured to be 4096-d and Llama-2-derived - see research/dataset_notes.md section 7.,"{'train': 794, 'val': 794, 'test': 6358}","[{'epoch': 1, 'train_loss': 12.27512, 'val_auc': 0.5549, 'val_f1_macro': 0.48974}, {'epoch': 2, 'train_loss': 6.58031, 'val_auc': 0.4638, 'val_f1_macro': 0.50316}, {'epoch': 3, 'train_loss': 4.76317, 'val_auc': 0.5348, 'val_f1_macro': 0.50458}, {'epoch': 4, 'train_loss': 1.89724, 'val_auc': 0.48481, 'val_f1_macro': 0.5486}, {'epoch': 5, 'train_loss': 1.42699, 'val_auc': 0.57914, 'val_f1_macro': 0.53887}]","{'0': 5780, '1': 578}",2,10,0.0,none,True,True,0,True,none_h2_k10_t0_perhop,5,0.01,0.0,0.5,32,10,adam,True,10,f1_macro,validation_swept,False,True,,0
c11ca80aa126,2026-09-15T11:17:37+00:00,301139375adc164817e46cf99c40704624c8c47d-dirty,results-v1,instagram,gcn,baseline,flag_bundled,faithful,faithful - two GCNConv layers plus the Eq. 6 skip,0,0,cpu,x86_64,torch 2.14.0+cu130,3.12.14,Linux-5.15.0-119-generic-x86_64-with-glibc2.39,benchmark-v1,b0d8f240a7f8c9a48e35d85144621b650f8a6a09231664d413c107eacaf49406,,,False,4,5,False,0.75,validation_swept,0.47472299168975074,0.5070980134932533,0.5340758611606662,0.5028504942174212,0.10819672131147541,0.05709342560553633,0.07474518686296716,0.8715004718464926,0.06626297577854667,0.12690462485394857,87.77,25.0,,completed,,,cpu,stored graph features (4096d). The paper calls these 'shallow embeddings'; measured to be 4096-d and Llama-2-derived - see research/dataset_notes.md section 7.,"{'train': 794, 'val': 794, 'test': 6358}","[{'epoch': 1, 'train_loss': 7.65786, 'val_auc': 0.50437, 'val_f1_macro': 0.50169}, {'epoch': 2, 'train_loss': 3.51917, 'val_auc': 0.47317, 'val_f1_macro': 0.4883}, {'epoch': 3, 'train_loss': 4.40252, 'val_auc': 0.52155, 'val_f1_macro': 0.4975}, {'epoch': 4, 'train_loss': 2.9699, 'val_auc': 0.47472, 'val_f1_macro': 0.5071}, {'epoch': 5, 'train_loss': 2.32704, 'val_auc': 0.52079, 'val_f1_macro': 0.50325}]","{'0': 5780, '1': 578}",2,10,0.0,none,True,True,0,True,none_h2_k10_t0_perhop,5,0.01,0.0,0.5,32,10,adam,True,10,f1_macro,validation_swept,False,True,,0
7d776fb3941e,2026-09-15T11:19:35+00:00,301139375adc164817e46cf99c40704624c8c47d-dirty,results-v1,instagram,geniepath,baseline,flag_bundled,adapted,closest to faithful - Breadth(GAT)+Depth(LSTM) preserved; matches PyG's example globals exactly. No official author repo exists.,0,0,cpu,x86_64,torch 2.14.0+cu130,3.12.14,Linux-5.15.0-119-generic-x86_64-with-glibc2.39,benchmark-v1,b0d8f240a7f8c9a48e35d85144621b650f8a6a09231664d413c107eacaf49406,,,False,1,5,False,0.95,validation_swept,0.5536511234225916,0.5314126294329096,0.5119999760539266,0.5083994205281334,0.10653753026634383,0.1522491349480969,0.12535612535612536,0.8068575023592325,0.03425605536332177,0.2049476844622304,520.75,205.72,,completed,,,cpu,stored graph features (4096d). The paper calls these 'shallow embeddings'; measured to be 4096-d and Llama-2-derived - see research/dataset_notes.md section 7.,"{'train': 794, 'val': 794, 'test': 6358}","[{'epoch': 1, 'train_loss': 5.26718, 'val_auc': 0.55365, 'val_f1_macro': 0.53141}, {'epoch': 2, 'train_loss': 3.55313, 'val_auc': 0.54908, 'val_f1_macro': 0.52237}, {'epoch': 3, 'train_loss': 4.79952, 'val_auc': 0.49851, 'val_f1_macro': 0.48333}, {'epoch': 4, 'train_loss': 2.96242, 'val_auc': 0.48224, 'val_f1_macro': 0.48733}, {'epoch': 5, 'train_loss': 1.58969, 'val_auc': 0.5469, 'val_f1_macro': 0.47556}]","{'0': 5780, '1': 578}",2,10,0.0,none,True,True,0,True,none_h2_k10_t0_perhop,5,0.01,0.0,0.5,32,10,adam,True,10,f1_macro,validation_swept,False,True,,0
dca30272cc55,2026-09-15T11:32:08+00:00,301139375adc164817e46cf99c40704624c8c47d-dirty,results-v1,instagram,pmp,baseline,flag_bundled,adapted,"partial - fraud/benign partition present, but applied to the aggregated mean rather than per-neighbour before aggregation",0,0,cpu,x86_64,torch 2.14.0+cu130,3.12.14,Linux-5.15.0-119-generic-x86_64-with-glibc2.39,benchmark-v1,b0d8f240a7f8c9a48e35d85144621b650f8a6a09231664d413c107eacaf49406,,,False,1,5,False,0.39999999999999997,validation_swept,0.5858725761772853,0.534045680884566,0.5609969349025993,0.5257639683872913,0.14634146341463414,0.11418685121107267,0.1282798833819242,0.8589178987102862,0.106401384083045,0.0774845442661199,148.27,94.24,,completed,,,cpu,stored graph features (4096d). The paper calls these 'shallow embeddings'; measured to be 4096-d and Llama-2-derived - see research/dataset_notes.md section 7.,"{'train': 794, 'val': 794, 'test': 6358}","[{'epoch': 1, 'train_loss': 6.39827, 'val_auc': 0.58587, 'val_f1_macro': 0.53405}, {'epoch': 2, 'train_loss': 0.74241, 'val_auc': 0.54937, 'val_f1_macro': 0.52091}, {'epoch': 3, 'train_loss': 0.45137, 'val_auc': 0.56201, 'val_f1_macro': 0.48139}, {'epoch': 4, 'train_loss': 0.31901, 'val_auc': 0.53083, 'val_f1_macro': 0.48285}, {'epoch': 5, 'train_loss': 0.64089, 'val_auc': 0.57004, 'val_f1_macro': 0.48465}]","{'0': 5780, '1': 578}",2,10,0.0,none,True,True,0,True,none_h2_k10_t0_perhop,5,0.01,0.0,0.5,32,10,adam,True,10,f1_macro,validation_swept,False,True,,0
edb9e8666481,2026-09-15T10:08:40+00:00,301139375adc164817e46cf99c40704624c8c47d-dirty,results-v1,reddit,bwgnn,baseline,flag_bundled,approximation,"beta-wavelet basis NOT applied - the polynomial is evaluated over raw adjacency A, not the normalised Laplacian, so it is not a beta wavelet. Theta coefficients themselves are correct.",0,0,cpu,x86_64,torch 2.14.0+cu130,3.12.14,Linux-5.15.0-119-generic-x86_64-with-glibc2.39,benchmark-v1,c1d787fb3b532fbbd9d78bae5c7d6e7ab48d9f845f1336c06f7c2f52e826a2b8,,,False,5,5,False,0.05,validation_swept,0.5621221671489557,0.5306919005899237,0.5560683424212072,0.5295691474619992,0.14609375,0.1397608370702541,0.14285714285714285,0.847461083542927,0.09559793918026604,0.12161804886020999,128.98,66.0,,completed,,,cpu,stored graph features (4096d). The paper calls these 'shallow embeddings'; measured to be 4096-d and Llama-2-derived - see research/dataset_notes.md section 7.,"{'train': 1839, 'val': 1839, 'test': 14711}","[{'epoch': 1, 'train_loss': 7.04352, 'val_auc': 0.60281, 'val_f1_macro': 0.50507}, {'epoch': 2, 'train_loss': 3.94191, 'val_auc': 0.58817, 'val_f1_macro': 0.49796}, {'epoch': 3, 'train_loss': 3.34407, 'val_auc': 0.60419, 'val_f1_macro': 0.48638}, {'epoch': 4, 'train_loss': 2.30248, 'val_auc': 0.56684, 'val_f1_macro': 0.52137}, {'epoch': 5, 'train_loss': 2.36905, 'val_auc': 0.56212, 'val_f1_macro': 0.53069}]","{'0': 13373, '1': 1338}",2,10,0.0,none,True,True,0,True,none_h2_k10_t0_perhop,5,0.01,0.0,0.5,32,10,adam,True,10,f1_macro,validation_swept,False,True,,0
0c773d1c8077,2026-09-15T10:12:10+00:00,301139375adc164817e46cf99c40704624c8c47d-dirty,results-v1,reddit,care_gnn,baseline,flag_bundled,approximation,"NOT CARE-GNN - no RL neighbour filtering, no label-aware similarity, no multi-relation aggregation. A similarity-gated mean aggregator.",0,0,cpu,x86_64,torch 2.14.0+cu130,3.12.14,Linux-5.15.0-119-generic-x86_64-with-glibc2.39,benchmark-v1,c1d787fb3b532fbbd9d78bae5c7d6e7ab48d9f845f1336c06f7c2f52e826a2b8,,,False,1,5,False,0.1,validation_swept,0.5029940119760479,0.4762176018228425,0.5010833241957194,0.47617860703603476,0.0,0.0,0.0,0.9090476514173068,0.0026904264745118978,0.0009288893601449022,108.61,52.9,,completed,,,cpu,stored graph features (4096d). The paper calls these 'shallow embeddings'; measured to be 4096-d and Llama-2-derived - see research/dataset_notes.md section 7.,"{'train': 1839, 'val': 1839, 'test': 14711}","[{'epoch': 1, 'train_loss': 0.35813, 'val_auc': 0.50299, 'val_f1_macro': 0.47622}, {'epoch': 2, 'train_loss': 0.30625, 'val_auc': 0.46544, 'val_f1_macro': 0.47622}, {'epoch': 3, 'train_loss': 0.30886, 'val_auc': 0.5, 'val_f1_macro': 0.47622}, {'epoch': 4, 'train_loss': 0.30806, 'val_auc': 0.5, 'val_f1_macro': 0.47622}, {'epoch': 5, 'train_loss': 0.3073, 'val_auc': 0.46567, 'val_f1_macro': 0.47622}]","{'0': 13373, '1': 1338}",2,10,0.0,none,True,True,0,True,none_h2_k10_t0_perhop,5,0.01,0.0,0.5,32,10,adam,True,10,f1_macro,validation_swept,False,True,,0
03f67f4e7a51,2026-09-15T10:15:03+00:00,301139375adc164817e46cf99c40704624c8c47d-dirty,results-v1,reddit,dga_gnn,baseline,flag_bundled,approximation,"NOT DGA-GNN - no decision-tree dynamic grouping, no bidirectional grouped aggregation. GraphSAGE-mean.",0,0,cpu,x86_64,torch 2.14.0+cu130,3.12.14,Linux-5.15.0-119-generic-x86_64-with-glibc2.39,benchmark-v1,c1d787fb3b532fbbd9d78bae5c7d6e7ab48d9f845f1336c06f7c2f52e826a2b8,,,False,1,5,False,0.3,validation_swept,0.5326279259662493,0.4762176018228425,0.5334937976560092,0.476159954420824,0.0,0.0,0.0,0.9089796750730745,0.06720617150524277,0.002005902539155402,116.52,54.31,,completed,,,cpu,stored graph features (4096d). The paper calls these 'shallow embeddings'; measured to be 4096-d and Llama-2-derived - see research/dataset_notes.md section 7.,"{'train': 1839, 'val': 1839, 'test': 14711}","[{'epoch': 1, 'train_loss': 1.15588, 'val_auc': 0.53263, 'val_f1_macro': 0.47622}, {'epoch': 2, 'train_loss': 0.30997, 'val_auc': 0.4991, 'val_f1_macro': 0.47622}, {'epoch': 3, 'train_loss': 0.31136, 'val_auc': 0.4991, 'val_f1_macro': 0.47622}, {'epoch': 4, 'train_loss': 0.30958, 'val_auc': 0.4991, 'val_f1_macro': 0.47622}, {'epoch': 5, 'train_loss': 0.30858, 'val_auc': 0.4991, 'val_f1_macro': 0.47622}]","{'0': 13373, '1': 1338}",2,10,0.0,none,True,True,0,True,none_h2_k10_t0_perhop,5,0.01,0.0,0.5,32,10,adam,True,10,f1_macro,validation_swept,False,True,,0
95cd352bfb00,2026-09-15T10:18:06+00:00,301139375adc164817e46cf99c40704624c8c47d-dirty,results-v1,reddit,gat,baseline,flag_bundled,adapted,"NOT canonical GAT - conv2 is a SAGEConv, not a GATConv, so the second layer performs no attention",0,0,cpu,x86_64,torch 2.14.0+cu130,3.12.14,Linux-5.15.0-119-generic-x86_64-with-glibc2.39,benchmark-v1,c1d787fb3b532fbbd9d78bae5c7d6e7ab48d9f845f1336c06f7c2f52e826a2b8,,,False,1,5,False,0.25,validation_swept,0.534667507091081,0.5057770471736606,0.5559308031699863,0.5203080043417327,0.13526570048309178,0.10463378176382661,0.11799410029498525,0.8577255115219904,0.10632957757845302,0.07131631635843023,128.18,43.69,,completed,,,cpu,stored graph features (4096d). The paper calls these 'shallow embeddings'; measured to be 4096-d and Llama-2-derived - see research/dataset_notes.md section 7.,"{'train': 1839, 'val': 1839, 'test': 14711}","[{'epoch': 1, 'train_loss': 4.50345, 'val_auc': 0.53467, 'val_f1_macro': 0.50578}, {'epoch': 2, 'train_loss': 0.37326, 'val_auc': 0.64616, 'val_f1_macro': 0.48231}, {'epoch': 3, 'train_loss': 0.3466, 'val_auc': 0.51572, 'val_f1_macro': 0.47607}, {'epoch': 4, 'train_loss': 0.31619, 'val_auc': 0.55943, 'val_f1_macro': 0.47622}, {'epoch': 5, 'train_loss': 0.42854, 'val_auc': 0.50303, 'val_f1_macro': 0.48157}]","{'0': 13373, '1': 1338}",2,10,0.0,none,True,True,0,True,none_h2_k10_t0_perhop,5,0.01,0.0,0.5,32,10,adam,True,10,f1_macro,validation_swept,False,True,,0
771f2b3832f8,2026-09-15T10:21:08+00:00,301139375adc164817e46cf99c40704624c8c47d-dirty,results-v1,reddit,gcn,baseline,flag_bundled,faithful,faithful - two GCNConv layers plus the Eq. 6 skip,0,0,cpu,x86_64,torch 2.14.0+cu130,3.12.14,Linux-5.15.0-119-generic-x86_64-with-glibc2.39,benchmark-v1,c1d787fb3b532fbbd9d78bae5c7d6e7ab48d9f845f1336c06f7c2f52e826a2b8,,,False,1,5,False,0.05,validation_swept,0.6250537203105749,0.5343336168034554,0.5974344598362473,0.5285250739666325,0.1426448736998514,0.14349775784753363,0.14307004470938897,0.8436544082659234,0.15577630763724554,0.12302810293084337,79.27,32.11,,completed,,,cpu,stored graph features (4096d). The paper calls these 'shallow embeddings'; measured to be 4096-d and Llama-2-derived - see research/dataset_notes.md section 7.,"{'train': 1839, 'val': 1839, 'test': 14711}","[{'epoch': 1, 'train_loss': 8.24019, 'val_auc': 0.62505, 'val_f1_macro': 0.53433}, {'epoch': 2, 'train_loss': 3.41773, 'val_auc': 0.57783, 'val_f1_macro': 0.51268}, {'epoch': 3, 'train_loss': 5.57403, 'val_auc': 0.56428, 'val_f1_macro': 0.48708}, {'epoch': 4, 'train_loss': 3.11628, 'val_auc': 0.57825, 'val_f1_macro': 0.50543}, {'epoch': 5, 'train_loss': 2.5714, 'val_auc': 0.57707, 'val_f1_macro': 0.53073}]","{'0': 13373, '1': 1338}",2,10,0.0,none,True,True,0,True,none_h2_k10_t0_perhop,5,0.01,0.0,0.5,32,10,adam,True,10,f1_macro,validation_swept,False,True,,0
cd22dbb2b33e,2026-09-15T09:45:59+00:00,301139375adc164817e46cf99c40704624c8c47d-dirty,results-v1,reddit,gcn,baseline,flag_bundled,faithful,faithful - two GCNConv layers plus the Eq. 6 skip,0,0,cpu,x86_64,torch 2.14.0+cu130,3.12.14,Linux-5.15.0-119-generic-x86_64-with-glibc2.39,benchmark-v1,c1d787fb3b532fbbd9d78bae5c7d6e7ab48d9f845f1336c06f7c2f52e826a2b8,,,False,1,5,False,0.05,validation_swept,0.6250537203105749,0.5343336168034554,0.5974344598362473,0.5285250739666325,0.1426448736998514,0.14349775784753363,0.14307004470938897,0.8436544082659234,0.15577630763724554,0.12302810293084337,79.18,31.17,,completed,,,cpu,stored graph features (4096d). The paper calls these 'shallow embeddings'; measured to be 4096-d and Llama-2-derived - see research/dataset_notes.md section 7.,"{'train': 1839, 'val': 1839, 'test': 14711}","[{'epoch': 1, 'train_loss': 8.24019, 'val_auc': 0.62505, 'val_f1_macro': 0.53433}, {'epoch': 2, 'train_loss': 3.41773, 'val_auc': 0.57783, 'val_f1_macro': 0.51268}, {'epoch': 3, 'train_loss': 5.57403, 'val_auc': 0.56428, 'val_f1_macro': 0.48708}, {'epoch': 4, 'train_loss': 3.11628, 'val_auc': 0.57825, 'val_f1_macro': 0.50543}, {'epoch': 5, 'train_loss': 2.5714, 'val_auc': 0.57707, 'val_f1_macro': 0.53073}]","{'0': 13373, '1': 1338}",2,10,0.0,none,True,True,0,True,none_h2_k10_t0_perhop,5,0.01,0.0,0.5,32,10,adam,True,10,f1_macro,validation_swept,False,True,,0
f249ff2cc694,2026-09-15T10:23:08+00:00,301139375adc164817e46cf99c40704624c8c47d-dirty,results-v1,reddit,geniepath,baseline,flag_bundled,adapted,closest to faithful - Breadth(GAT)+Depth(LSTM) preserved; matches PyG's example globals exactly. No official author repo exists.,0,0,cpu,x86_64,torch 2.14.0+cu130,3.12.14,Linux-5.15.0-119-generic-x86_64-with-glibc2.39,benchmark-v1,c1d787fb3b532fbbd9d78bae5c7d6e7ab48d9f845f1336c06f7c2f52e826a2b8,,,False,4,5,False,0.05,validation_swept,0.5722036787668682,0.5267337930238597,0.5806041209017523,0.5199322685065172,0.15205479452054796,0.08295964125560538,0.10735009671179883,0.8745156685473455,0.12243022076586729,0.1095105978787351,1067.83,497.84,,completed,,,cpu,stored graph features (4096d). The paper calls these 'shallow embeddings'; measured to be 4096-d and Llama-2-derived - see research/dataset_notes.md section 7.,"{'train': 1839, 'val': 1839, 'test': 14711}","[{'epoch': 1, 'train_loss': 8.51459, 'val_auc': 0.61224, 'val_f1_macro': 0.47622}, {'epoch': 2, 'train_loss': 3.90676, 'val_auc': 0.59308, 'val_f1_macro': 0.50051}, {'epoch': 3, 'train_loss': 3.50576, 'val_auc': 0.58667, 'val_f1_macro': 0.48767}, {'epoch': 4, 'train_loss': 3.95061, 'val_auc': 0.5722, 'val_f1_macro': 0.52673}, {'epoch': 5, 'train_loss': 2.5158, 'val_auc': 0.5738, 'val_f1_macro': 0.48465}]","{'0': 13373, '1': 1338}",2,10,0.0,none,True,True,0,True,none_h2_k10_t0_perhop,5,0.01,0.0,0.5,32,10,adam,True,10,f1_macro,validation_swept,False,True,,0
80d2e151c4ab,2026-09-15T10:50:22+00:00,301139375adc164817e46cf99c40704624c8c47d-dirty,results-v1,reddit,pmp,baseline,flag_bundled,adapted,"partial - fraud/benign partition present, but applied to the aggregated mean rather than per-neighbour before aggregation",0,0,cpu,x86_64,torch 2.14.0+cu130,3.12.14,Linux-5.15.0-119-generic-x86_64-with-glibc2.39,benchmark-v1,c1d787fb3b532fbbd9d78bae5c7d6e7ab48d9f845f1336c06f7c2f52e826a2b8,,,False,1,5,False,0.15,validation_swept,0.5121121393576483,0.5038539717747428,0.5179046093477286,0.5023872830481453,0.09523809523809523,0.09865470852017937,0.09691629955947137,0.8327781931887703,0.040788743175152575,0.03347181647778505,96.21,48.09,,completed,,,cpu,stored graph features (4096d). The paper calls these 'shallow embeddings'; measured to be 4096-d and Llama-2-derived - see research/dataset_notes.md section 7.,"{'train': 1839, 'val': 1839, 'test': 14711}","[{'epoch': 1, 'train_loss': 1.39413, 'val_auc': 0.51211, 'val_f1_macro': 0.50385}, {'epoch': 2, 'train_loss': 0.33748, 'val_auc': 0.48539, 'val_f1_macro': 0.47622}, {'epoch': 3, 'train_loss': 0.30782, 'val_auc': 0.49881, 'val_f1_macro': 0.48157}, {'epoch': 4, 'train_loss': 0.3046, 'val_auc': 0.50058, 'val_f1_macro': 0.48157}, {'epoch': 5, 'train_loss': 0.30767, 'val_auc': 0.49642, 'val_f1_macro': 0.47622}]","{'0': 13373, '1': 1338}",2,10,0.0,none,True,True,0,True,none_h2_k10_t0_perhop,5,0.01,0.0,0.5,32,10,adam,True,10,f1_macro,validation_swept,False,True,,0
