experiment_id,timestamp,git_commit,dataset,model,variant,impl_source,model_fidelity,fidelity_class,seed,initialization,device,framework,python_version,platform,dataset_version,llm_model,llm_finetuned,best_epoch,epochs_run,stopped_early,threshold,threshold_policy,validation_auc,validation_f1_macro,test_auc,test_f1_macro,test_precision_fraud,test_recall_fraud,test_f1_fraud,test_accuracy,test_ks,test_ece,training_time,inference_time,status,error_message,sampler,sampling_strategy,sampling_cache_key,diffusion_steps,md_selection,source,source_file,feature_source,is_degenerate_all_majority
caee70894cce,2026-09-09T10:13:11+00:00,e9f9a139e84a4578d8c96ccdb38abf5e48b1e665,instagram,care_gnn,baseline,flag_bundled,"NOT CARE-GNN - no RL neighbour filtering, no label-aware similarity, no multi-relation aggregation. A similarity-gated mean aggregator.",approximation,0,0,cpu,torch 2.3.1+cpu,3.11.9,Windows-10-10.0.26200-SP0,benchmark-v1,,False,3,5,False,0.5,argmax,0.5,0.4762532981530343,0.4999025694136804,0.47619047619047616,0.0,0.0,0.0,0.9090909090909091,0.004152249134948097,0.012995919008136065,624.62,322.19,completed,,none,none,none_h2_k10_t0_perhop,,,results/raw,results/raw/instagram__care_gnn__baseline__s0i0__caee70894cce.json,stored graph features (4096d). The paper calls these 'shallow embeddings'; measured to be 4096-d and Llama-2-derived - see research/dataset_notes.md section 7.,True
855cf4b42bc4,2026-09-09T11:02:55+00:00,e9f9a139e84a4578d8c96ccdb38abf5e48b1e665-dirty,instagram,dga_gnn,baseline,flag_bundled,"NOT DGA-GNN - no decision-tree dynamic grouping, no bidirectional grouped aggregation. GraphSAGE-mean.",approximation,0,0,cpu,torch 2.3.1+cpu,3.11.9,Windows-10-10.0.26200-SP0,benchmark-v1,,False,1,5,False,0.5,argmax,0.5221125730994152,0.4762532981530343,0.5114185354581482,0.47619047619047616,0.0,0.0,0.0,0.9090909090909091,0.026470588235294107,0.060717710871952664,152.76,101.84,completed,,none,none,none_h2_k10_t0_perhop,,,results/raw,results/raw/instagram__dga_gnn__baseline__s0i0__855cf4b42bc4.json,stored graph features (4096d). The paper calls these 'shallow embeddings'; measured to be 4096-d and Llama-2-derived - see research/dataset_notes.md section 7.,True
8808a73871d0,2026-09-09T10:36:37+00:00,e9f9a139e84a4578d8c96ccdb38abf5e48b1e665,instagram,gcn,text,flag_bundled,faithful - two GCNConv layers plus the Eq. 6 skip,faithful,0,0,cpu,torch 2.3.1+cpu,3.11.9,Windows-10-10.0.26200-SP0,benchmark-v1,,False,1,5,False,0.5,argmax,0.6755924899969221,0.4762532981530343,0.6034054309694568,0.47619047619047616,0.0,0.0,0.0,0.9090909090909091,0.1596885813148789,0.013532887408190534,19.25,10.86,completed,,none,none,none_h2_k10_t0_perhop,,,results/raw,results/raw/instagram__gcn__text__s0i0__8808a73871d0.json,Sentence-BERT of raw node text (384d),True
c01cfcb22001,2026-09-09T10:34:07+00:00,e9f9a139e84a4578d8c96ccdb38abf5e48b1e665,instagram,gat,text,flag_bundled,"NOT canonical GAT - conv2 is a SAGEConv, not a GATConv, so the second layer performs no attention",adapted,0,0,cpu,torch 2.3.1+cpu,3.11.9,Windows-10-10.0.26200-SP0,benchmark-v1,,False,1,5,False,0.5,argmax,0.6654355186211143,0.4762532981530343,0.6212552831024534,0.47619047619047616,0.0,0.0,0.0,0.9090909090909091,0.19515570934256055,0.04229549437347646,52.34,26.83,completed,,none,none,none_h2_k10_t0_perhop,,,results/raw,results/raw/instagram__gat__text__s0i0__c01cfcb22001.json,Sentence-BERT of raw node text (384d),True
884c5aec4afc,2026-09-09T10:46:50+00:00,e9f9a139e84a4578d8c96ccdb38abf5e48b1e665,instagram,geniepath,text,flag_bundled,closest to faithful - Breadth(GAT)+Depth(LSTM) preserved; matches PyG's example globals exactly. No official author repo exists.,adapted,0,0,cpu,torch 2.3.1+cpu,3.11.9,Windows-10-10.0.26200-SP0,benchmark-v1,,False,1,5,False,0.5,argmax,0.6249807633117882,0.4762532981530343,0.5889244920439171,0.47619047619047616,0.0,0.0,0.0,0.9090909090909091,0.13771626297577855,0.030507764034617697,355.61,153.88,completed,,none,none,none_h2_k10_t0_perhop,,,results/raw,results/raw/instagram__geniepath__text__s0i0__884c5aec4afc.json,Sentence-BERT of raw node text (384d),True
8d8450436e97,2026-09-09T10:29:41+00:00,e9f9a139e84a4578d8c96ccdb38abf5e48b1e665,instagram,care_gnn,text,flag_bundled,"NOT CARE-GNN - no RL neighbour filtering, no label-aware similarity, no multi-relation aggregation. A similarity-gated mean aggregator.",approximation,0,0,cpu,torch 2.3.1+cpu,3.11.9,Windows-10-10.0.26200-SP0,benchmark-v1,,False,1,5,False,0.5,argmax,0.659414435210834,0.4762532981530343,0.6092310616491661,0.47619047619047616,0.0,0.0,0.0,0.9090909090909091,0.19740484429065752,0.018619613300396052,65.71,38.39,completed,,none,none,none_h2_k10_t0_perhop,,,results/raw,results/raw/instagram__care_gnn__text__s0i0__8d8450436e97.json,Sentence-BERT of raw node text (384d),True
aee46fcb4505,2026-09-09T10:12:31+00:00,e9f9a139e84a4578d8c96ccdb38abf5e48b1e665,instagram,bwgnn,text,flag_bundled,"beta-wavelet basis NOT applied - the polynomial is evaluated over raw adjacency A, not the normalised Laplacian, so it is not a beta wavelet. Theta coefficients themselves are correct.",approximation,0,0,cpu,torch 2.3.1+cpu,3.11.9,Windows-10-10.0.26200-SP0,benchmark-v1,,False,1,5,False,0.5,argmax,0.667590027700831,0.4762532981530343,0.5769692652147365,0.47619047619047616,0.0,0.0,0.0,0.9090909090909091,0.1453287197231834,0.028140717204966036,24.46,12.69,completed,,none,none,none_h2_k10_t0_perhop,,,results/raw,results/raw/instagram__bwgnn__text__s0i0__aee46fcb4505.json,Sentence-BERT of raw node text (384d),True
66ae0e9deea2,2026-09-09T11:07:24+00:00,e9f9a139e84a4578d8c96ccdb38abf5e48b1e665-dirty,instagram,dga_gnn,text,flag_bundled,"NOT DGA-GNN - no decision-tree dynamic grouping, no bidirectional grouped aggregation. GraphSAGE-mean.",approximation,0,0,cpu,torch 2.3.1+cpu,3.11.9,Windows-10-10.0.26200-SP0,benchmark-v1,,False,1,5,False,0.5,argmax,0.6357725453985841,0.4762532981530343,0.6105251972557799,0.47619047619047616,0.0,0.0,0.0,0.9090909090909091,0.1856401384083045,0.030261578524649866,30.07,17.44,completed,,none,none,none_h2_k10_t0_perhop,,,results/raw,results/raw/instagram__dga_gnn__text__s0i0__66ae0e9deea2.json,Sentence-BERT of raw node text (384d),True
de28e6888187,2026-09-09T10:59:03+00:00,e9f9a139e84a4578d8c96ccdb38abf5e48b1e665,instagram,pmp,text,flag_bundled,"partial - fraud/benign partition present, but applied to the aggregated mean rather than per-neighbour before aggregation",adapted,0,0,cpu,torch 2.3.1+cpu,3.11.9,Windows-10-10.0.26200-SP0,benchmark-v1,,False,1,5,False,0.5,argmax,0.6311557402277623,0.4762532981530343,0.5969127524814118,0.47619047619047616,0.0,0.0,0.0,0.9090909090909091,0.15415224913494807,0.02807407122141689,29.34,16.79,completed,,none,none,none_h2_k10_t0_perhop,,,results/raw,results/raw/instagram__pmp__text__s0i0__de28e6888187.json,Sentence-BERT of raw node text (384d),True
7c69a9cca555,2026-09-09T09:40:05+00:00,f7c76e8f73b4e9e5cc777ef87d756ae94f8f8335-dirty,reddit,gat,baseline,flag_bundled,"NOT canonical GAT - conv2 is a SAGEConv, not a GATConv, so the second layer performs no attention",adapted,0,0,cpu,torch 2.3.1+cpu,3.11.9,Windows-10-10.0.26200-SP0,benchmark-v1,,False,2,5,False,0.5,argmax,0.528881829642151,0.4762176018228425,0.52175981611656,0.47617860703603476,0.0,0.0,0.0,0.9090476514173068,0.03589472664115734,0.01990310177167088,105.86,38.78,completed,,none,none,none_h2_k10_t0_perhop,,,results/raw,results/raw/reddit__gat__baseline__s0i0__7c69a9cca555.json,stored graph features (4096d). The paper calls these 'shallow embeddings'; measured to be 4096-d and Llama-2-derived - see research/dataset_notes.md section 7.,True
fa5671244512,2026-09-09T09:36:11+00:00,f7c76e8f73b4e9e5cc777ef87d756ae94f8f8335,reddit,care_gnn,baseline,flag_bundled,"NOT CARE-GNN - no RL neighbour filtering, no label-aware similarity, no multi-relation aggregation. A similarity-gated mean aggregator.",approximation,0,0,cpu,torch 2.3.1+cpu,3.11.9,Windows-10-10.0.26200-SP0,benchmark-v1,,False,1,5,False,0.5,argmax,0.5191638254591295,0.4762176018228425,0.5214396922518737,0.47617860703603476,0.0,0.0,0.0,0.9090476514173068,0.043345542526678216,0.0009288672094690531,106.54,45.49,completed,,none,none,none_h2_k10_t0_perhop,,,results/raw,results/raw/reddit__care_gnn__baseline__s0i0__fa5671244512.json,stored graph features (4096d). The paper calls these 'shallow embeddings'; measured to be 4096-d and Llama-2-derived - see research/dataset_notes.md section 7.,True
771782c912bd,2026-09-09T11:00:37+00:00,e9f9a139e84a4578d8c96ccdb38abf5e48b1e665-dirty,reddit,dga_gnn,baseline,flag_bundled,"NOT DGA-GNN - no decision-tree dynamic grouping, no bidirectional grouped aggregation. GraphSAGE-mean.",approximation,0,0,cpu,torch 2.3.1+cpu,3.11.9,Windows-10-10.0.26200-SP0,benchmark-v1,,False,1,5,False,0.5,argmax,0.5033127524854597,0.4762176018228425,0.5036488140606807,0.47617860703603476,0.0,0.0,0.0,0.9090476514173068,0.0054611074653801795,0.00805538423732553,52.67,23.74,completed,,none,none,none_h2_k10_t0_perhop,,,results/raw,results/raw/reddit__dga_gnn__baseline__s0i0__771782c912bd.json,stored graph features (4096d). The paper calls these 'shallow embeddings'; measured to be 4096-d and Llama-2-derived - see research/dataset_notes.md section 7.,True
4547e9c1cfba,2026-09-09T10:08:29+00:00,e9f9a139e84a4578d8c96ccdb38abf5e48b1e665,reddit,pmp,baseline,flag_bundled,"partial - fraud/benign partition present, but applied to the aggregated mean rather than per-neighbour before aggregation",adapted,0,0,cpu,torch 2.3.1+cpu,3.11.9,Windows-10-10.0.26200-SP0,benchmark-v1,,False,1,5,False,0.5,argmax,0.6006646993095148,0.4762176018228425,0.5689807967037972,0.47617860703603476,0.0,0.0,0.0,0.9090476514173068,0.11175821437948563,0.13190224333841338,67.62,29.95,completed,,none,none,none_h2_k10_t0_perhop,,,results/raw,results/raw/reddit__pmp__baseline__s0i0__4547e9c1cfba.json,stored graph features (4096d). The paper calls these 'shallow embeddings'; measured to be 4096-d and Llama-2-derived - see research/dataset_notes.md section 7.,True
804d5bcf3c05,2026-09-09T09:42:37+00:00,84447284fd7e441c9c7afaac53b938ffcab4e568-dirty,reddit,gat,text,flag_bundled,"NOT canonical GAT - conv2 is a SAGEConv, not a GATConv, so the second layer performs no attention",adapted,0,0,cpu,torch 2.3.1+cpu,3.11.9,Windows-10-10.0.26200-SP0,benchmark-v1,,False,1,5,False,0.5,argmax,0.640007664097642,0.4762176018228425,0.641304506984099,0.47617860703603476,0.0,0.0,0.0,0.9090476514173068,0.2081421560096381,0.03713699912202716,51.44,23.61,completed,,none,none,none_h2_k10_t0_perhop,,,results/raw,results/raw/reddit__gat__text__s0i0__804d5bcf3c05.json,Sentence-BERT of raw node text (384d),True
d603366eeca8,2026-09-09T09:38:51+00:00,f7c76e8f73b4e9e5cc777ef87d756ae94f8f8335-dirty,reddit,care_gnn,text,flag_bundled,"NOT CARE-GNN - no RL neighbour filtering, no label-aware similarity, no multi-relation aggregation. A similarity-gated mean aggregator.",approximation,0,0,cpu,torch 2.3.1+cpu,3.11.9,Windows-10-10.0.26200-SP0,benchmark-v1,,False,1,5,False,0.5,argmax,0.6232487178752543,0.4762176018228425,0.6234828347549448,0.47617860703603476,0.0,0.0,0.0,0.9090476514173068,0.19069160503108634,0.011905130918865333,41.7,20.68,completed,,none,none,none_h2_k10_t0_perhop,,,results/raw,results/raw/reddit__care_gnn__text__s0i0__d603366eeca8.json,Sentence-BERT of raw node text (384d),True
6c2ac25e3902,2026-09-09T11:02:03+00:00,e9f9a139e84a4578d8c96ccdb38abf5e48b1e665-dirty,reddit,dga_gnn,text,flag_bundled,"NOT DGA-GNN - no decision-tree dynamic grouping, no bidirectional grouped aggregation. GraphSAGE-mean.",approximation,0,0,cpu,torch 2.3.1+cpu,3.11.9,Windows-10-10.0.26200-SP0,benchmark-v1,,False,1,5,False,0.5,argmax,0.6408152594332865,0.4762176018228425,0.6127514478507159,0.47617860703603476,0.0,0.0,0.0,0.9090476514173068,0.18144936973937517,0.037604372892206535,31.33,15.61,completed,,none,none,none_h2_k10_t0_perhop,,,results/raw,results/raw/reddit__dga_gnn__text__s0i0__6c2ac25e3902.json,Sentence-BERT of raw node text (384d),True
a028b62fbe90,2026-09-09T10:10:13+00:00,e9f9a139e84a4578d8c96ccdb38abf5e48b1e665,reddit,pmp,text,flag_bundled,"partial - fraud/benign partition present, but applied to the aggregated mean rather than per-neighbour before aggregation",adapted,0,0,cpu,torch 2.3.1+cpu,3.11.9,Windows-10-10.0.26200-SP0,benchmark-v1,,False,1,5,False,0.5,argmax,0.6303308454860613,0.4762176018228425,0.6320119449570264,0.47617860703603476,0.0,0.0,0.0,0.9090476514173068,0.19868810691779398,0.02888944937272909,41.43,20.55,completed,,none,none,none_h2_k10_t0_perhop,,,results/raw,results/raw/reddit__pmp__text__s0i0__a028b62fbe90.json,Sentence-BERT of raw node text (384d),True
