dataset,model,n_pairs,test_auc_cosine_mean,test_auc_cosine_std,test_auc_md_mean,test_auc_md_std,test_auc_delta_mean,test_auc_delta_std,test_auc_paired_t,test_auc_paired_p,test_f1_macro_cosine_mean,test_f1_macro_cosine_std,test_f1_macro_md_mean,test_f1_macro_md_std,test_f1_macro_delta_mean,test_f1_macro_delta_std,test_f1_macro_paired_t,test_f1_macro_paired_p,test_recall_fraud_cosine_mean,test_recall_fraud_cosine_std,test_recall_fraud_md_mean,test_recall_fraud_md_std,test_recall_fraud_delta_mean,test_recall_fraud_delta_std,test_recall_fraud_paired_t,test_recall_fraud_paired_p,test_precision_fraud_cosine_mean,test_precision_fraud_cosine_std,test_precision_fraud_md_mean,test_precision_fraud_md_std,test_precision_fraud_delta_mean,test_precision_fraud_delta_std,,test_precision_fraud_paired_p
instagram,gcn,8,0.601302779,0.011908346,0.604932611,0.010338503,0.003629832,0.00560129,1.832919806,0.109475727,0.539568442,0.002654843,0.540197265,0.004482867,0.000628823,0.002784049,0.638846544,0.543252284,0.158520761,0.052378263,0.203935986,0.060940348,0.045415225,0.058060755,2.21240069,0.062575131,0.1742944,0.021098115,0.162639339,0.014123793,-0.011655061,0.024402764,-1.350891693,0.218765618
instagram,gat,8,0.605997519,0.018808144,0.603292604,0.013665325,-0.002704915,0.022984934,-0.332855185,0.748990269,0.540295337,0.00730253,0.537309253,0.010414223,-0.002986084,0.016206919,-0.5211306,0.618350839,0.227508651,0.046211217,0.229887543,0.056118471,0.002378893,0.081945773,0.082109479,0.936858178,0.157539734,0.01418315,0.151563904,0.017076872,-0.005975829,0.029045516,-0.581921073,0.578870582
instagram,geniepath,8,0.568715035,0.013468493,0.568953654,0.012555102,0.000238619,0.008656146,0.07796959,0.940034177,0.528108643,0.004948806,0.527322736,0.007516121,-0.000785907,0.009482403,-0.234421611,0.821366726,0.191392734,0.053859468,0.150086505,0.053058084,-0.041306228,0.048234471,-2.422161069,0.045946172,0.140757964,0.009521944,0.161621974,0.053808989,0.02086401,0.050203595,1.175460283,0.27823804
instagram,care_gnn,8,0.605776523,0.011273769,0.60372412,0.013647363,-0.002052403,0.017978074,-0.322897341,0.756204145,0.541783572,0.006157178,0.542127182,0.006650727,0.00034361,0.006058564,0.16041355,0.877086392,0.214749135,0.072784529,0.222967128,0.078024407,0.008217993,0.089621333,0.25935783,0.802821227,0.165916365,0.016230327,0.16676826,0.014333304,0.000851895,0.020583843,0.117058928,0.910101191
instagram,bwgnn,8,0.577568647,0.011292642,0.574295387,0.014448635,-0.00327326,0.022903216,-0.404230439,0.698108668,0.530031417,0.007803041,0.533472287,0.004147207,0.003440869,0.007368356,1.320816654,0.228103005,0.1308391,0.054780495,0.150951557,0.028046136,0.020112457,0.06593189,0.862808853,0.416820694,0.162444924,0.014674432,0.15446221,0.007809247,-0.007982714,0.016315546,-1.383865784,0.208915868
instagram,dga_gnn,8,0.602986768,0.008373193,0.607269018,0.008340226,0.00428225,0.010754612,1.12621751,0.297197353,0.538466514,0.008797845,0.539555511,0.009618373,0.001088997,0.012935392,0.238117938,0.818609626,0.182525952,0.075656902,0.234212803,0.059192653,0.051686851,0.112216701,1.302769472,0.233871498,0.166544734,0.021123762,0.159509783,0.01839173,-0.007034951,0.02130443,-0.933976894,0.381404632
instagram,pmp,8,0.599702545,0.017241779,0.60189232,0.01313535,0.002189775,0.020317299,0.304844596,0.769348545,0.542175599,0.008440756,0.547996919,0.007354615,0.00582132,0.008669205,1.899271941,0.099312288,0.18533737,0.059549168,0.189230104,0.040993265,0.003892734,0.050548732,0.217815813,0.833785906,0.170896807,0.0129146,0.181657114,0.021851137,0.010760307,0.021510833,1.414856636,0.200018945
reddit,gcn,8,0.614327931,0.003884287,0.61096889,0.005299835,-0.003359041,0.005162717,-1.840271791,0.108301781,0.528380426,0.004853893,0.526930458,0.003260151,-0.001449969,0.006741506,-0.608340471,0.562173066,0.140227952,0.036956805,0.1379858,0.030708921,-0.002242152,0.055443327,-0.114382835,0.912146044,0.14699541,0.005291495,0.143567367,0.006131666,-0.003428043,0.009411788,-1.030194349,0.337193649
reddit,gat,8,0.643207834,0.005454944,0.640785385,0.012719807,-0.002422449,0.009262679,-0.739712647,0.48353815,0.544175063,0.006383271,0.541775021,0.009998606,-0.002400042,0.008641204,-0.785578565,0.457875351,0.229446936,0.04939202,0.220104634,0.080549251,-0.009342302,0.097555004,-0.270862786,0.79430968,0.164832631,0.015412093,0.163905867,0.010202861,-0.000926764,0.019003583,-0.137936336,0.894174725
reddit,geniepath,8,0.614405583,0.006390108,0.607387613,0.007178591,-0.00701797,0.006247642,-3.177169529,0.015551798,0.53423812,0.006623836,0.533377021,0.005153715,-0.000861098,0.007344451,-0.331618248,0.749884911,0.170123318,0.053054405,0.17853139,0.051691509,0.008408072,0.056176462,0.423337771,0.684752061,0.155604326,0.009627891,0.151875771,0.00989778,-0.003728554,0.012529514,-0.841688154,0.427777616
reddit,care_gnn,8,0.627838623,0.006633049,0.62863486,0.006707789,0.000796237,0.002206804,1.020524477,0.341447841,0.53215009,0.003709673,0.531143755,0.006233143,-0.001006335,0.005598759,-0.508388437,0.626807079,0.206651719,0.07620701,0.197776532,0.05906556,-0.008875187,0.092201225,-0.272261234,0.793277105,0.150369159,0.011710321,0.14623433,0.00878581,-0.004134829,0.011375568,-1.028086064,0.338117603
reddit,bwgnn,8,0.619001883,0.017751887,0.626557495,0.018307919,0.007555612,0.020408827,1.047120367,0.329847827,0.542806427,0.009133456,0.544825585,0.009731459,0.002019158,0.014424947,0.395914282,0.703958303,0.173019432,0.052950617,0.186659193,0.060488336,0.013639761,0.076153327,0.506597297,0.628000635,0.171840106,0.015510975,0.173569852,0.007319738,0.001729747,0.018323613,0.267003125,0.797161836
reddit,dga_gnn,8,0.622899481,0.004266655,0.625223823,0.004777304,0.002324342,0.005547128,1.185159722,0.274624567,0.53121386,0.004822393,0.532053561,0.008070736,0.000839701,0.009538102,0.249004828,0.810505189,0.239256353,0.082743838,0.209080717,0.068916705,-0.030175635,0.125203458,-0.681687126,0.517348248,0.147411187,0.009179413,0.14760928,0.011797129,0.000198092,0.0157987,0.035464283,0.972699649
reddit,pmp,8,0.628661287,0.008510956,0.621356195,0.007693234,-0.007305093,0.01302379,-1.586475402,0.156652348,0.534842238,0.005519773,0.532404505,0.004676041,-0.002437733,0.008796478,-0.783830647,0.458835948,0.178344544,0.057331077,0.192918535,0.045761534,0.014573991,0.069852008,0.590125796,0.573654527,0.153959426,0.010641606,0.14603833,0.007712842,-0.007921096,0.014220979,-1.575436084,0.15915863
