dataset,model,variant,sampler,test_auc_mean,test_auc_std,test_auc_count,test_f1_macro_mean,test_f1_macro_std,test_f1_macro_count,test_precision_fraud_mean,test_precision_fraud_std,test_precision_fraud_count,test_recall_fraud_mean,test_recall_fraud_std,test_recall_fraud_count,test_f1_fraud_mean,test_f1_fraud_std,test_f1_fraud_count,test_accuracy_mean,test_accuracy_std,test_accuracy_count,test_ks_mean,test_ks_std,test_ks_count,test_ece_mean,test_ece_std,test_ece_count,n_degenerate_all_majority,n_runs_checked
instagram,gcn,baseline,none,0.535827366770034,0.0,1,0.5190544582076193,0.0,1,0.12439418416801293,0.0,1,0.13321799307958476,0.0,1,0.1286549707602339,0.0,1,0.8359547027367097,0.0,1,0.07231833910034602,0.0,1,0.15936098040364427,0.0,1,0,1
instagram,gcn,flag,cosine,0.6013027786424971,0.011908346196130948,8,0.5395684419796338,0.002654842984162586,8,0.1742944001849165,0.021098114521267718,8,0.15852076124567474,0.05237826258992436,8,0.16025638780501883,0.019249418894859035,8,0.8525283107895565,0.025037725298507292,8,0.15307093425605536,0.02361897227822607,8,0.030057472047216947,0.011124636493119093,8,0,8
instagram,gcn,text,none,0.6034054309694568,0.0,1,0.47619047619047616,0.0,1,0.0,0.0,1,0.0,0.0,1,0.0,0.0,1,0.9090909090909091,0.0,1,0.1596885813148789,0.0,1,0.013532887408190534,0.0,1,1,1
instagram,gat,baseline,none,0.4968281929095677,0.0,1,0.48189515828748025,0.0,1,0.0847457627118644,0.0,1,0.00865051903114187,0.0,1,0.015698587127158554,0.0,1,0.9013840830449827,0.0,1,0.030276816608996532,0.0,1,0.09189624192001804,0.0,1,0,1
instagram,gat,flag,cosine,0.6059975185881395,0.018808144407326546,8,0.5402953366920534,0.0073025303171454425,8,0.15753973368553784,0.014183150475893693,8,0.22750865051903116,0.04621121747947535,8,0.18351999904235386,0.016537607233344014,8,0.8175723497955332,0.023291334455722457,8,0.1755190311418685,0.022847291842614,8,0.038288738498082994,0.023821884961211178,8,0,8
instagram,gat,text,none,0.6212552831024534,0.0,1,0.47619047619047616,0.0,1,0.0,0.0,1,0.0,0.0,1,0.0,0.0,1,0.9090909090909091,0.0,1,0.19515570934256055,0.0,1,0.04229549437347646,0.0,1,1,1
instagram,geniepath,baseline,none,0.49426461608457756,0.0,1,0.5084976233301592,0.0,1,0.1057542768273717,0.0,1,0.11764705882352941,0.0,1,0.11138411138411139,0.0,1,0.8293488518402014,0.0,1,0.0439446366782007,0.0,1,0.1649248046580206,0.0,1,0,1
instagram,geniepath,flag,cosine,0.5687150349911998,0.013468492678347136,8,0.5281086427273379,0.0049488055920667625,8,0.14075796372796417,0.009521944199559346,8,0.19139273356401384,0.05385946809181597,8,0.15829431774403674,0.018395820000085997,8,0.81859468386285,0.03046787769449826,8,0.10769896193771628,0.02000646439511941,8,0.044926169794052846,0.03346569458770102,8,0,8
instagram,geniepath,text,none,0.5889244920439171,0.0,1,0.47619047619047616,0.0,1,0.0,0.0,1,0.0,0.0,1,0.0,0.0,1,0.9090909090909091,0.0,1,0.13771626297577855,0.0,1,0.030507764034617697,0.0,1,1,1
instagram,care_gnn,baseline,none,0.4999025694136804,0.0,1,0.47619047619047616,0.0,1,0.0,0.0,1,0.0,0.0,1,0.0,0.0,1,0.9090909090909091,0.0,1,0.004152249134948097,0.0,1,0.012995919008136065,0.0,1,1,1
instagram,care_gnn,flag,cosine,0.6057765225212821,0.011273768644360329,8,0.5417835723533413,0.006157177509219814,8,0.1659163648524142,0.01623032711039184,8,0.2147491349480969,0.07278452919175701,8,0.18089956761883874,0.017558059454832072,8,0.8270486001887386,0.03761970472942114,8,0.1746539792387543,0.015845602929987372,8,0.032221000169626736,0.017448191850870775,8,0,8
instagram,care_gnn,text,none,0.6092310616491661,0.0,1,0.47619047619047616,0.0,1,0.0,0.0,1,0.0,0.0,1,0.0,0.0,1,0.9090909090909091,0.0,1,0.19740484429065752,0.0,1,0.018619613300396052,0.0,1,1,1
instagram,bwgnn,baseline,none,0.5113404113935418,0.0,1,0.4931969398129686,0.0,1,0.10240963855421686,0.0,1,0.029411764705882353,0.0,1,0.0456989247311828,0.0,1,0.8883296634161686,0.0,1,0.0420415224913494,0.0,1,0.10974438459190688,0.0,1,0,1
instagram,bwgnn,flag,cosine,0.5775686466577268,0.011292641810288958,8,0.5300314173975782,0.007803040823520526,8,0.1624449243139201,0.014674431609404447,8,0.13083910034602075,0.05478049544725838,8,0.13793136153874472,0.029413171525786375,8,0.8576989619377162,0.02620055018818836,8,0.12164792387543252,0.010303070623722732,8,0.025946471362838806,0.010401504580383468,8,0,8
instagram,bwgnn,text,none,0.5769692652147365,0.0,1,0.47619047619047616,0.0,1,0.0,0.0,1,0.0,0.0,1,0.0,0.0,1,0.9090909090909091,0.0,1,0.1453287197231834,0.0,1,0.028140717204966036,0.0,1,1,1
instagram,dga_gnn,baseline,none,0.5114185354581482,0.0,1,0.47619047619047616,0.0,1,0.0,0.0,1,0.0,0.0,1,0.0,0.0,1,0.9090909090909091,0.0,1,0.026470588235294107,0.0,1,0.060717710871952664,0.0,1,1,1
instagram,dga_gnn,flag,cosine,0.6029867675494786,0.008373193350041405,8,0.5384665137694297,0.00879784451697612,8,0.1665447337045728,0.021123761897535672,8,0.18252595155709342,0.07565690166595375,8,0.1659268411078252,0.031478764506216485,8,0.8400833595470274,0.03389398055925511,8,0.17035034602076124,0.01716828392882259,8,0.02978325021465608,0.012798745530037695,8,0,8
instagram,dga_gnn,text,none,0.6105251972557799,0.0,1,0.47619047619047616,0.0,1,0.0,0.0,1,0.0,0.0,1,0.0,0.0,1,0.9090909090909091,0.0,1,0.1856401384083045,0.0,1,0.030261578524649866,0.0,1,1,1
instagram,pmp,baseline,none,0.4974596209336574,0.0,1,0.48048695939253877,0.0,1,0.13636363636363635,0.0,1,0.005190311418685121,0.0,1,0.01,0.0,1,0.9065743944636678,0.0,1,0.030103806228373775,0.0,1,0.08694271218991897,0.0,1,0,1
instagram,pmp,flag,cosine,0.5997025448689551,0.01724177877065143,8,0.5421755993903238,0.008440755879916863,8,0.1708968073664274,0.012914599594551195,8,0.18533737024221453,0.059549168430136294,8,0.17203044766146502,0.02599955334989575,8,0.8420690468700849,0.02898792242257103,8,0.16089965397923875,0.023847297284066864,8,0.018144004265333018,0.010621790413871835,8,0,8
instagram,pmp,text,none,0.5969127524814118,0.0,1,0.47619047619047616,0.0,1,0.0,0.0,1,0.0,0.0,1,0.0,0.0,1,0.9090909090909091,0.0,1,0.15415224913494807,0.0,1,0.02807407122141689,0.0,1,1,1
reddit,gcn,baseline,none,0.5850807971844301,0.0,1,0.4957647406041175,0.0,1,0.12263936291240045,0.0,1,0.40284005979073245,0.0,1,0.18803418803418803,0.0,1,0.6835701175990755,0.0,1,0.14732566355004173,0.0,1,0.2894732303332497,0.0,1,0,1
reddit,gcn,flag,cosine,0.6143279307401288,0.003884286860987625,8,0.5283804263223812,0.004853892619331994,8,0.14699541031459232,0.005291494659621829,8,0.14022795216741404,0.03695680510109549,8,0.14075256449490298,0.019740633130367856,8,0.8472316633811434,0.018198008168845762,8,0.1744763155285671,0.005229998627701158,8,0.032676458325509104,0.009354625295486838,8,0,8
reddit,gcn,text,none,0.5968939154893117,0.0,1,0.4831888079907288,0.0,1,0.29411764705882354,0.0,1,0.007473841554559043,0.0,1,0.014577259475218658,0.0,1,0.9080959825980559,0.0,1,0.14900843756640142,0.0,1,0.04205668336425465,0.0,1,0,1
reddit,gat,baseline,none,0.52175981611656,0.0,1,0.47617860703603476,0.0,1,0.0,0.0,1,0.0,0.0,1,0.0,0.0,1,0.9090476514173068,0.0,1,0.03589472664115734,0.0,1,0.01990310177167088,0.0,1,1,1
reddit,gat,flag,cosine,0.6432078342156301,0.005454944014245834,8,0.5441750634999576,0.006383270557180376,8,0.16483263147813595,0.015412092568681058,8,0.22944693572496264,0.04939202045757254,8,0.188650213503143,0.01261178007932806,8,0.8219699544558494,0.026665918885810373,8,0.21395935796163365,0.008661407521419353,8,0.03937344286513796,0.0064670777550858965,8,0,8
reddit,gat,text,none,0.641304506984099,0.0,1,0.47617860703603476,0.0,1,0.0,0.0,1,0.0,0.0,1,0.0,0.0,1,0.9090476514173068,0.0,1,0.2081421560096381,0.0,1,0.03713699912202716,0.0,1,1,1
reddit,geniepath,baseline,none,0.5934671426497202,0.0,1,0.5348000380490076,0.0,1,0.1462671406805485,0.0,1,0.21524663677130046,0.0,1,0.1741759903235561,0.0,1,0.8143566039018422,0.0,1,0.14915206856015906,0.0,1,0.1678203390337885,0.0,1,0,1
reddit,geniepath,flag,cosine,0.6144055829926149,0.0063901083046384675,8,0.534238119769491,0.0066238355305313235,8,0.1556043256561038,0.009627890824576435,8,0.17012331838565023,0.05305440549072612,8,0.15769137227364263,0.025116284133168604,8,0.8391679695465978,0.025657831702719524,8,0.18033926842307813,0.010112684019073337,8,0.050788486478009515,0.026821309205214944,8,0,8
reddit,geniepath,text,none,0.5967419572511687,0.0,1,0.479101860724592,0.0,1,0.4,0.0,1,0.0029895366218236174,0.0,1,0.005934718100890208,0.0,1,0.9089116987288424,0.0,1,0.14881540198179471,0.0,1,0.048639759081488,0.0,1,0,1
reddit,care_gnn,baseline,none,0.5214396922518737,0.0,1,0.47617860703603476,0.0,1,0.0,0.0,1,0.0,0.0,1,0.0,0.0,1,0.9090476514173068,0.0,1,0.043345542526678216,0.0,1,0.0009288672094690531,0.0,1,1,1
reddit,care_gnn,flag,cosine,0.6278386227822006,0.006633048740451144,8,0.5321500897128755,0.003709672587779953,8,0.15036915899958625,0.011710321348230968,8,0.20665171898355755,0.07620701045039247,8,0.16673015511394856,0.024635649003319045,8,0.8186985928896744,0.03889374749286595,8,0.19320545480335016,0.007816692601396074,8,0.04085867296899069,0.012609468677728396,8,0,8
reddit,care_gnn,text,none,0.6234828347549448,0.0,1,0.47617860703603476,0.0,1,0.0,0.0,1,0.0,0.0,1,0.0,0.0,1,0.9090476514173068,0.0,1,0.19069160503108634,0.0,1,0.011905130918865333,0.0,1,1,1
reddit,bwgnn,baseline,none,0.6073665709983651,0.0,1,0.5281336404051808,0.0,1,0.1397006414825374,0.0,1,0.2929745889387145,0.0,1,0.1891891891891892,0.0,1,0.7715994833797838,0.0,1,0.17413832860692352,0.0,1,0.20409366407887333,0.0,1,0,1
reddit,bwgnn,flag,cosine,0.6190018830749819,0.01775188728454148,8,0.5428064267236177,0.00913345619291624,8,0.17184010594189128,0.01551097498262686,8,0.17301943198804184,0.05295061709102325,8,0.16913431338729285,0.025693984961749565,8,0.8485317109645844,0.019208880874902752,8,0.1855868854619391,0.024834475327300088,8,0.0313361906338786,0.00995687403911658,8,0,8
reddit,bwgnn,text,none,0.6652196542639907,0.0,1,0.5340801398166761,0.0,1,0.32142857142857145,0.0,1,0.07399103139013453,0.0,1,0.12029161603888214,0.0,1,0.901570253551764,0.0,1,0.24108847926298188,0.0,1,0.03213053177228931,0.0,1,0,1
reddit,dga_gnn,baseline,none,0.5036488140606807,0.0,1,0.47617860703603476,0.0,1,0.0,0.0,1,0.0,0.0,1,0.0,0.0,1,0.9090476514173068,0.0,1,0.0054611074653801795,0.0,1,0.00805538423732553,0.0,1,1,1
reddit,dga_gnn,flag,cosine,0.622899480547613,0.004266655258238702,8,0.5312138600357089,0.004822393481166562,8,0.1474111873748201,0.009179412667565088,8,0.2392563527653214,0.0827438383549377,8,0.17560632156867612,0.02445091444713215,8,0.8023247909727415,0.042472495838248775,8,0.18778589274263327,0.012135859888372312,8,0.03095925140392608,0.014904523915175332,8,0,8
reddit,dga_gnn,text,none,0.6127514478507159,0.0,1,0.47617860703603476,0.0,1,0.0,0.0,1,0.0,0.0,1,0.0,0.0,1,0.9090476514173068,0.0,1,0.18144936973937517,0.0,1,0.037604372892206535,0.0,1,1,1
reddit,pmp,baseline,none,0.5689807967037972,0.0,1,0.47617860703603476,0.0,1,0.0,0.0,1,0.0,0.0,1,0.0,0.0,1,0.9090476514173068,0.0,1,0.11175821437948563,0.0,1,0.13190224333841338,0.0,1,1,1
reddit,pmp,flag,cosine,0.6286612874624002,0.008510955931545983,8,0.5348422378366681,0.005519772968220688,8,0.15395942598214718,0.010641606170482685,8,0.17834454409566516,0.057331077424291214,8,0.1613107568952983,0.022471112952873448,8,0.835318809054449,0.025722299406141364,8,0.1936600580761025,0.013706428342103305,8,0.0322676723495275,0.016696780671122312,8,0,8
reddit,pmp,text,none,0.6320119449570264,0.0,1,0.47617860703603476,0.0,1,0.0,0.0,1,0.0,0.0,1,0.0,0.0,1,0.9090476514173068,0.0,1,0.19868810691779398,0.0,1,0.02888944937272909,0.0,1,1,1
