dataset,model,metric,variant,sampler,n,mean,std
reddit,gcn,AUC,baseline,none,25,58.342,1.751
reddit,gcn,AUC,flag,cosine,25,61.106,0.639
reddit,gcn,AUC,flag,md_K2_matched,25,60.819,0.279
reddit,gcn,AUC,flag_finetuned,cosine,25,59.123,1.443
reddit,gcn,AUC,flag_finetuned,md_K2_matched,25,59.817,1.142
reddit,gat,AUC,baseline,none,25,51.882,2.456
reddit,gat,AUC,flag,cosine,25,64.777,0.853
reddit,gat,AUC,flag,md_K2_matched,25,64.918,1.155
reddit,gat,AUC,flag_finetuned,cosine,25,64.448,0.957
reddit,gat,AUC,flag_finetuned,md_K2_matched,25,64.599,1.144
reddit,geniepath,AUC,baseline,none,25,59.246,1.26
reddit,geniepath,AUC,flag,cosine,25,60.715,1.254
reddit,geniepath,AUC,flag,md_K2_matched,25,60.233,1.057
reddit,geniepath,AUC,flag_finetuned,cosine,25,60.444,1.795
reddit,geniepath,AUC,flag_finetuned,md_K2_matched,25,60.489,1.753
reddit,care_gnn,AUC,baseline,none,25,53.254,6.892
reddit,care_gnn,AUC,flag,cosine,25,62.106,1.233
reddit,care_gnn,AUC,flag,md_K2_matched,25,61.857,1.067
reddit,care_gnn,AUC,flag_finetuned,cosine,25,60.382,2.25
reddit,care_gnn,AUC,flag_finetuned,md_K2_matched,25,59.876,1.774
reddit,bwgnn,AUC,baseline,none,25,59.701,1.898
reddit,bwgnn,AUC,flag,cosine,25,62.976,1.398
reddit,bwgnn,AUC,flag,md_K2_matched,25,62.96,1.588
reddit,bwgnn,AUC,flag_finetuned,cosine,25,63.007,2.047
reddit,bwgnn,AUC,flag_finetuned,md_K2_matched,25,63.049,1.522
reddit,dga_gnn,AUC,baseline,none,25,50.739,1.866
reddit,dga_gnn,AUC,flag,cosine,25,62.185,0.818
reddit,dga_gnn,AUC,flag,md_K2_matched,25,62.116,1.105
reddit,dga_gnn,AUC,flag_finetuned,cosine,25,62.122,1.149
reddit,dga_gnn,AUC,flag_finetuned,md_K2_matched,25,62.073,0.935
reddit,pmp,AUC,baseline,none,25,51.82,2.805
reddit,pmp,AUC,flag,cosine,25,61.856,0.717
reddit,pmp,AUC,flag,md_K2_matched,25,61.432,0.977
reddit,pmp,AUC,flag_finetuned,cosine,25,60.471,1.973
reddit,pmp,AUC,flag_finetuned,md_K2_matched,25,60.908,1.431
instagram,gcn,AUC,baseline,none,25,54.523,2.13
instagram,gcn,AUC,flag,cosine,25,59.336,0.766
instagram,gcn,AUC,flag,md_K2_matched,25,59.392,0.754
instagram,gcn,AUC,flag_finetuned,cosine,25,59.355,0.793
instagram,gcn,AUC,flag_finetuned,md_K2_matched,25,58.573,1.257
instagram,gat,AUC,baseline,none,25,52.874,2.03
instagram,gat,AUC,flag,cosine,25,60.402,1.247
instagram,gat,AUC,flag,md_K2_matched,25,60.982,0.865
instagram,gat,AUC,flag_finetuned,cosine,25,58.638,1.456
instagram,gat,AUC,flag_finetuned,md_K2_matched,25,58.538,1.922
instagram,geniepath,AUC,baseline,none,25,53.526,2.811
instagram,geniepath,AUC,flag,cosine,25,56.75,0.858
instagram,geniepath,AUC,flag,md_K2_matched,25,56.599,0.947
instagram,geniepath,AUC,flag_finetuned,cosine,25,56.73,0.738
instagram,geniepath,AUC,flag_finetuned,md_K2_matched,25,56.205,1.029
instagram,care_gnn,AUC,baseline,none,25,51.634,3.854
instagram,care_gnn,AUC,flag,cosine,25,60.507,0.624
instagram,care_gnn,AUC,flag,md_K2_matched,25,60.421,0.729
instagram,care_gnn,AUC,flag_finetuned,cosine,25,59.708,1.529
instagram,care_gnn,AUC,flag_finetuned,md_K2_matched,25,59.092,1.849
instagram,bwgnn,AUC,baseline,none,25,54.687,1.621
instagram,bwgnn,AUC,flag,cosine,25,56.969,1.122
instagram,bwgnn,AUC,flag,md_K2_matched,25,57.122,1.074
instagram,bwgnn,AUC,flag_finetuned,cosine,25,57.01,1.012
instagram,bwgnn,AUC,flag_finetuned,md_K2_matched,25,56.805,1.235
instagram,dga_gnn,AUC,baseline,none,25,51.669,2.818
instagram,dga_gnn,AUC,flag,cosine,25,60.186,0.893
instagram,dga_gnn,AUC,flag,md_K2_matched,25,60.568,0.947
instagram,dga_gnn,AUC,flag_finetuned,cosine,25,59.476,2.866
instagram,dga_gnn,AUC,flag_finetuned,md_K2_matched,25,59.937,1.451
instagram,pmp,AUC,baseline,none,25,52.256,2.463
instagram,pmp,AUC,flag,cosine,25,58.911,1.233
instagram,pmp,AUC,flag,md_K2_matched,25,58.844,1.567
instagram,pmp,AUC,flag_finetuned,cosine,25,57.792,1.779
instagram,pmp,AUC,flag_finetuned,md_K2_matched,25,59.383,1.006
amazon_text,gcn,AUC,baseline,none,25,91.623,1.731
amazon_text,gcn,AUC,flag,cosine,25,91.824,0.235
amazon_text,gcn,AUC,flag,md_K2_matched,25,91.633,0.198
amazon_text,gcn,AUC,flag_finetuned,cosine,25,91.747,0.317
amazon_text,gcn,AUC,flag_finetuned,md_K2_matched,25,91.377,0.749
amazon_text,gat,AUC,baseline,none,25,83.557,4.157
amazon_text,gat,AUC,flag,cosine,25,87.802,0.671
amazon_text,gat,AUC,flag,md_K2_matched,25,88.44,0.668
amazon_text,gat,AUC,flag_finetuned,cosine,25,87.646,1.315
amazon_text,gat,AUC,flag_finetuned,md_K2_matched,25,88.582,0.53
amazon_text,geniepath,AUC,baseline,none,25,91.984,2.614
amazon_text,geniepath,AUC,flag,cosine,25,91.332,0.707
amazon_text,geniepath,AUC,flag,md_K2_matched,25,91.577,0.385
amazon_text,geniepath,AUC,flag_finetuned,cosine,25,90.984,0.677
amazon_text,geniepath,AUC,flag_finetuned,md_K2_matched,25,91.121,0.686
amazon_text,care_gnn,AUC,baseline,none,25,70.428,19.455
amazon_text,care_gnn,AUC,flag,cosine,25,85.025,1.483
amazon_text,care_gnn,AUC,flag,md_K2_matched,25,85.822,1.132
amazon_text,care_gnn,AUC,flag_finetuned,cosine,25,83.247,2.223
amazon_text,care_gnn,AUC,flag_finetuned,md_K2_matched,25,85.445,1.273
amazon_text,bwgnn,AUC,baseline,none,25,92.715,2.643
amazon_text,bwgnn,AUC,flag,cosine,25,91.491,0.269
amazon_text,bwgnn,AUC,flag,md_K2_matched,25,91.536,0.179
amazon_text,bwgnn,AUC,flag_finetuned,cosine,25,91.246,0.549
amazon_text,bwgnn,AUC,flag_finetuned,md_K2_matched,25,91.322,0.552
amazon_text,dga_gnn,AUC,baseline,none,25,71.215,10.176
amazon_text,dga_gnn,AUC,flag,cosine,25,90.603,0.477
amazon_text,dga_gnn,AUC,flag,md_K2_matched,25,91.248,0.414
amazon_text,dga_gnn,AUC,flag_finetuned,cosine,25,90.527,0.512
amazon_text,dga_gnn,AUC,flag_finetuned,md_K2_matched,25,91.216,0.407
amazon_text,pmp,AUC,baseline,none,25,93.303,1.207
amazon_text,pmp,AUC,flag,cosine,25,91.589,0.395
amazon_text,pmp,AUC,flag,md_K2_matched,25,91.786,0.224
amazon_text,pmp,AUC,flag_finetuned,cosine,25,91.701,0.449
amazon_text,pmp,AUC,flag_finetuned,md_K2_matched,25,91.837,0.806
amazon_video_text,gcn,AUC,baseline,none,25,88.192,5.274
amazon_video_text,gcn,AUC,flag,cosine,25,84.728,0.503
amazon_video_text,gcn,AUC,flag,md_K2_matched,25,88.483,0.414
amazon_video_text,gcn,AUC,flag_finetuned,cosine,25,82.741,1.88
amazon_video_text,gcn,AUC,flag_finetuned,md_K2_matched,25,87.088,1.79
amazon_video_text,gat,AUC,baseline,none,25,69.742,10.05
amazon_video_text,gat,AUC,flag,cosine,25,77.638,1.271
amazon_video_text,gat,AUC,flag,md_K2_matched,25,80.042,0.965
amazon_video_text,gat,AUC,flag_finetuned,cosine,25,74.099,2.249
amazon_video_text,gat,AUC,flag_finetuned,md_K2_matched,25,75.103,2.731
amazon_video_text,geniepath,AUC,baseline,none,25,85.442,5.829
amazon_video_text,geniepath,AUC,flag,cosine,25,81.205,1.218
amazon_video_text,geniepath,AUC,flag,md_K2_matched,25,85.359,2.221
amazon_video_text,geniepath,AUC,flag_finetuned,cosine,25,81.77,0.918
amazon_video_text,geniepath,AUC,flag_finetuned,md_K2_matched,25,85.215,1.053
amazon_video_text,care_gnn,AUC,baseline,none,25,72.199,9.566
amazon_video_text,care_gnn,AUC,flag,cosine,25,73.189,1.327
amazon_video_text,care_gnn,AUC,flag,md_K2_matched,25,73.572,1.227
amazon_video_text,care_gnn,AUC,flag_finetuned,cosine,25,64.764,13.068
amazon_video_text,care_gnn,AUC,flag_finetuned,md_K2_matched,25,67.732,10.249
amazon_video_text,bwgnn,AUC,baseline,none,25,85.783,5.513
amazon_video_text,bwgnn,AUC,flag,cosine,25,82.872,1.19
amazon_video_text,bwgnn,AUC,flag,md_K2_matched,25,86.821,1.658
amazon_video_text,bwgnn,AUC,flag_finetuned,cosine,25,81.778,2.476
amazon_video_text,bwgnn,AUC,flag_finetuned,md_K2_matched,25,86.767,1.703
amazon_video_text,dga_gnn,AUC,baseline,none,25,66.035,6.185
amazon_video_text,dga_gnn,AUC,flag,cosine,25,84.607,0.865
amazon_video_text,dga_gnn,AUC,flag,md_K2_matched,25,87.86,0.719
amazon_video_text,dga_gnn,AUC,flag_finetuned,cosine,25,84.116,1.87
amazon_video_text,dga_gnn,AUC,flag_finetuned,md_K2_matched,25,86.801,3.005
amazon_video_text,pmp,AUC,baseline,none,25,90.765,4.215
amazon_video_text,pmp,AUC,flag,cosine,25,85.231,1.145
amazon_video_text,pmp,AUC,flag,md_K2_matched,25,87.923,0.844
amazon_video_text,pmp,AUC,flag_finetuned,cosine,25,81.957,4.139
amazon_video_text,pmp,AUC,flag_finetuned,md_K2_matched,25,85.483,2.555
yelpchi_text,gcn,AUC,baseline,none,25,76.739,0.184
yelpchi_text,gcn,AUC,flag,cosine,25,69.364,0.39
yelpchi_text,gcn,AUC,flag,md_K2_matched,25,69.452,0.503
yelpchi_text,gcn,AUC,flag_finetuned,cosine,25,69.373,0.321
yelpchi_text,gcn,AUC,flag_finetuned,md_K2_matched,25,69.422,0.33
yelpchi_text,gat,AUC,baseline,none,25,51.296,2.452
yelpchi_text,gat,AUC,flag,cosine,25,66.136,0.565
yelpchi_text,gat,AUC,flag,md_K2_matched,25,66.693,0.516
yelpchi_text,gat,AUC,flag_finetuned,cosine,25,66.41,0.368
yelpchi_text,gat,AUC,flag_finetuned,md_K2_matched,25,66.575,0.587
yelpchi_text,geniepath,AUC,baseline,none,25,76.712,0.167
yelpchi_text,geniepath,AUC,flag,cosine,25,69.21,0.315
yelpchi_text,geniepath,AUC,flag,md_K2_matched,25,69.07,0.501
yelpchi_text,geniepath,AUC,flag_finetuned,cosine,25,69.15,0.351
yelpchi_text,geniepath,AUC,flag_finetuned,md_K2_matched,25,69.057,0.304
yelpchi_text,care_gnn,AUC,baseline,none,25,61.498,0.201
yelpchi_text,care_gnn,AUC,flag,cosine,25,67.064,0.385
yelpchi_text,care_gnn,AUC,flag,md_K2_matched,25,67.075,0.322
yelpchi_text,care_gnn,AUC,flag_finetuned,cosine,25,66.912,0.194
yelpchi_text,care_gnn,AUC,flag_finetuned,md_K2_matched,25,66.981,0.285
yelpchi_text,bwgnn,AUC,baseline,none,25,76.73,0.179
yelpchi_text,bwgnn,AUC,flag,cosine,25,69.083,0.297
yelpchi_text,bwgnn,AUC,flag,md_K2_matched,25,69.139,0.335
yelpchi_text,bwgnn,AUC,flag_finetuned,cosine,25,69.088,0.329
yelpchi_text,bwgnn,AUC,flag_finetuned,md_K2_matched,25,69.152,0.203
yelpchi_text,dga_gnn,AUC,baseline,none,25,51.381,4.911
yelpchi_text,dga_gnn,AUC,flag,cosine,25,66.972,0.874
yelpchi_text,dga_gnn,AUC,flag,md_K2_matched,25,67.424,1.038
yelpchi_text,dga_gnn,AUC,flag_finetuned,cosine,25,66.881,0.696
yelpchi_text,dga_gnn,AUC,flag_finetuned,md_K2_matched,25,66.987,1.325
yelpchi_text,pmp,AUC,baseline,none,25,75.535,0.807
yelpchi_text,pmp,AUC,flag,cosine,25,69.22,0.425
yelpchi_text,pmp,AUC,flag,md_K2_matched,25,69.299,0.53
yelpchi_text,pmp,AUC,flag_finetuned,cosine,25,69.116,0.352
yelpchi_text,pmp,AUC,flag_finetuned,md_K2_matched,25,69.328,0.336
reddit,gcn,F1-macro,baseline,none,25,51.733,1.543
reddit,gcn,F1-macro,flag,cosine,25,53.027,0.434
reddit,gcn,F1-macro,flag,md_K2_matched,25,52.747,0.245
reddit,gcn,F1-macro,flag_finetuned,cosine,25,52.22,0.607
reddit,gcn,F1-macro,flag_finetuned,md_K2_matched,25,52.523,0.423
reddit,gat,F1-macro,baseline,none,25,49.014,1.215
reddit,gat,F1-macro,flag,cosine,25,54.594,0.686
reddit,gat,F1-macro,flag,md_K2_matched,25,54.789,0.653
reddit,gat,F1-macro,flag_finetuned,cosine,25,54.392,0.851
reddit,gat,F1-macro,flag_finetuned,md_K2_matched,25,54.776,0.757
reddit,geniepath,F1-macro,baseline,none,25,52.163,1.213
reddit,geniepath,F1-macro,flag,cosine,25,53.137,0.656
reddit,geniepath,F1-macro,flag,md_K2_matched,25,53.053,0.399
reddit,geniepath,F1-macro,flag_finetuned,cosine,25,52.892,0.686
reddit,geniepath,F1-macro,flag_finetuned,md_K2_matched,25,52.986,0.758
reddit,care_gnn,F1-macro,baseline,none,25,48.902,2.164
reddit,care_gnn,F1-macro,flag,cosine,25,53.107,0.477
reddit,care_gnn,F1-macro,flag,md_K2_matched,25,52.729,0.469
reddit,care_gnn,F1-macro,flag_finetuned,cosine,25,52.086,0.952
reddit,care_gnn,F1-macro,flag_finetuned,md_K2_matched,25,51.98,0.642
reddit,bwgnn,F1-macro,baseline,none,25,52.654,1.216
reddit,bwgnn,F1-macro,flag,cosine,25,55.03,0.87
reddit,bwgnn,F1-macro,flag,md_K2_matched,25,55.171,0.937
reddit,bwgnn,F1-macro,flag_finetuned,cosine,25,55.091,1.093
reddit,bwgnn,F1-macro,flag_finetuned,md_K2_matched,25,55.054,0.863
reddit,dga_gnn,F1-macro,baseline,none,25,48.161,1.238
reddit,dga_gnn,F1-macro,flag,cosine,25,53.58,0.533
reddit,dga_gnn,F1-macro,flag,md_K2_matched,25,53.35,0.585
reddit,dga_gnn,F1-macro,flag_finetuned,cosine,25,53.448,0.808
reddit,dga_gnn,F1-macro,flag_finetuned,md_K2_matched,25,53.019,0.621
reddit,pmp,F1-macro,baseline,none,25,49.215,1.908
reddit,pmp,F1-macro,flag,cosine,25,53.176,0.375
reddit,pmp,F1-macro,flag,md_K2_matched,25,53.027,0.39
reddit,pmp,F1-macro,flag_finetuned,cosine,25,52.785,0.82
reddit,pmp,F1-macro,flag_finetuned,md_K2_matched,25,52.813,0.632
instagram,gcn,F1-macro,baseline,none,25,51.766,1.154
instagram,gcn,F1-macro,flag,cosine,25,53.371,0.612
instagram,gcn,F1-macro,flag,md_K2_matched,25,53.303,0.707
instagram,gcn,F1-macro,flag_finetuned,cosine,25,53.775,0.816
instagram,gcn,F1-macro,flag_finetuned,md_K2_matched,25,54.021,0.724
instagram,gat,F1-macro,baseline,none,25,51.556,0.887
instagram,gat,F1-macro,flag,cosine,25,53.756,0.961
instagram,gat,F1-macro,flag,md_K2_matched,25,54.186,0.775
instagram,gat,F1-macro,flag_finetuned,cosine,25,53.941,0.578
instagram,gat,F1-macro,flag_finetuned,md_K2_matched,25,54.5,0.704
instagram,geniepath,F1-macro,baseline,none,25,51.301,1.354
instagram,geniepath,F1-macro,flag,cosine,25,52.618,0.708
instagram,geniepath,F1-macro,flag,md_K2_matched,25,52.673,0.439
instagram,geniepath,F1-macro,flag_finetuned,cosine,25,52.46,0.729
instagram,geniepath,F1-macro,flag_finetuned,md_K2_matched,25,52.787,0.771
instagram,care_gnn,F1-macro,baseline,none,25,49.324,2.442
instagram,care_gnn,F1-macro,flag,cosine,25,54.205,0.595
instagram,care_gnn,F1-macro,flag,md_K2_matched,25,54.331,0.654
instagram,care_gnn,F1-macro,flag_finetuned,cosine,25,54.442,0.584
instagram,care_gnn,F1-macro,flag_finetuned,md_K2_matched,25,54.49,0.592
instagram,bwgnn,F1-macro,baseline,none,25,51.782,1.303
instagram,bwgnn,F1-macro,flag,cosine,25,52.554,1.177
instagram,bwgnn,F1-macro,flag,md_K2_matched,25,52.742,0.823
instagram,bwgnn,F1-macro,flag_finetuned,cosine,25,52.709,1.125
instagram,bwgnn,F1-macro,flag_finetuned,md_K2_matched,25,53.177,0.997
instagram,dga_gnn,F1-macro,baseline,none,25,50.55,1.452
instagram,dga_gnn,F1-macro,flag,cosine,25,53.593,1.026
instagram,dga_gnn,F1-macro,flag,md_K2_matched,25,53.891,0.595
instagram,dga_gnn,F1-macro,flag_finetuned,cosine,25,53.48,1.277
instagram,dga_gnn,F1-macro,flag_finetuned,md_K2_matched,25,54.199,0.681
instagram,pmp,F1-macro,baseline,none,25,50.465,1.517
instagram,pmp,F1-macro,flag,cosine,25,53.777,0.686
instagram,pmp,F1-macro,flag,md_K2_matched,25,53.929,0.643
instagram,pmp,F1-macro,flag_finetuned,cosine,25,53.598,1.199
instagram,pmp,F1-macro,flag_finetuned,md_K2_matched,25,54.05,0.484
amazon_text,gcn,F1-macro,baseline,none,25,91.181,0.328
amazon_text,gcn,F1-macro,flag,cosine,25,79.134,0.622
amazon_text,gcn,F1-macro,flag,md_K2_matched,25,79.835,0.418
amazon_text,gcn,F1-macro,flag_finetuned,cosine,25,78.566,0.769
amazon_text,gcn,F1-macro,flag_finetuned,md_K2_matched,25,78.877,0.894
amazon_text,gat,F1-macro,baseline,none,25,74.411,4.274
amazon_text,gat,F1-macro,flag,cosine,25,74.743,1.283
amazon_text,gat,F1-macro,flag,md_K2_matched,25,76.956,0.865
amazon_text,gat,F1-macro,flag_finetuned,cosine,25,74.818,1.559
amazon_text,gat,F1-macro,flag_finetuned,md_K2_matched,25,76.889,0.799
amazon_text,geniepath,F1-macro,baseline,none,25,91.188,0.784
amazon_text,geniepath,F1-macro,flag,cosine,25,77.708,1.63
amazon_text,geniepath,F1-macro,flag,md_K2_matched,25,78.59,0.475
amazon_text,geniepath,F1-macro,flag_finetuned,cosine,25,76.922,1.424
amazon_text,geniepath,F1-macro,flag_finetuned,md_K2_matched,25,78.287,0.908
amazon_text,care_gnn,F1-macro,baseline,none,25,64.471,16.412
amazon_text,care_gnn,F1-macro,flag,cosine,25,71.368,1.713
amazon_text,care_gnn,F1-macro,flag,md_K2_matched,25,73.849,0.691
amazon_text,care_gnn,F1-macro,flag_finetuned,cosine,25,70.06,1.601
amazon_text,care_gnn,F1-macro,flag_finetuned,md_K2_matched,25,73.487,0.87
amazon_text,bwgnn,F1-macro,baseline,none,25,90.869,1.057
amazon_text,bwgnn,F1-macro,flag,cosine,25,77.651,0.903
amazon_text,bwgnn,F1-macro,flag,md_K2_matched,25,79.074,0.531
amazon_text,bwgnn,F1-macro,flag_finetuned,cosine,25,77.377,1.029
amazon_text,bwgnn,F1-macro,flag_finetuned,md_K2_matched,25,78.468,0.855
amazon_text,dga_gnn,F1-macro,baseline,none,25,70.258,10.963
amazon_text,dga_gnn,F1-macro,flag,cosine,25,76.16,1.171
amazon_text,dga_gnn,F1-macro,flag,md_K2_matched,25,78.362,0.854
amazon_text,dga_gnn,F1-macro,flag_finetuned,cosine,25,76.021,1.515
amazon_text,dga_gnn,F1-macro,flag_finetuned,md_K2_matched,25,78.151,0.656
amazon_text,pmp,F1-macro,baseline,none,25,91.242,0.443
amazon_text,pmp,F1-macro,flag,cosine,25,78.397,0.736
amazon_text,pmp,F1-macro,flag,md_K2_matched,25,79.077,0.602
amazon_text,pmp,F1-macro,flag_finetuned,cosine,25,78.566,0.862
amazon_text,pmp,F1-macro,flag_finetuned,md_K2_matched,25,78.998,0.935
amazon_video_text,gcn,F1-macro,baseline,none,25,81.085,1.55
amazon_video_text,gcn,F1-macro,flag,cosine,25,69.821,1.437
amazon_video_text,gcn,F1-macro,flag,md_K2_matched,25,72.676,0.987
amazon_video_text,gcn,F1-macro,flag_finetuned,cosine,25,67.982,2.108
amazon_video_text,gcn,F1-macro,flag_finetuned,md_K2_matched,25,71.221,2.427
amazon_video_text,gat,F1-macro,baseline,none,25,61.62,6.519
amazon_video_text,gat,F1-macro,flag,cosine,25,65.761,2.309
amazon_video_text,gat,F1-macro,flag,md_K2_matched,25,66.551,2.497
amazon_video_text,gat,F1-macro,flag_finetuned,cosine,25,61.806,2.219
amazon_video_text,gat,F1-macro,flag_finetuned,md_K2_matched,25,63.044,2.564
amazon_video_text,geniepath,F1-macro,baseline,none,25,82.895,1.316
amazon_video_text,geniepath,F1-macro,flag,cosine,25,64.037,1.08
amazon_video_text,geniepath,F1-macro,flag,md_K2_matched,25,66.957,1.824
amazon_video_text,geniepath,F1-macro,flag_finetuned,cosine,25,65.588,0.779
amazon_video_text,geniepath,F1-macro,flag_finetuned,md_K2_matched,25,68.125,1.945
amazon_video_text,care_gnn,F1-macro,baseline,none,25,61.138,9.291
amazon_video_text,care_gnn,F1-macro,flag,cosine,25,59.641,2.661
amazon_video_text,care_gnn,F1-macro,flag,md_K2_matched,25,57.844,2.515
amazon_video_text,care_gnn,F1-macro,flag_finetuned,cosine,25,56.664,5.394
amazon_video_text,care_gnn,F1-macro,flag_finetuned,md_K2_matched,25,56.928,4.18
amazon_video_text,bwgnn,F1-macro,baseline,none,25,81.986,2.112
amazon_video_text,bwgnn,F1-macro,flag,cosine,25,66.313,2.895
amazon_video_text,bwgnn,F1-macro,flag,md_K2_matched,25,69.999,2.091
amazon_video_text,bwgnn,F1-macro,flag_finetuned,cosine,25,65.864,2.869
amazon_video_text,bwgnn,F1-macro,flag_finetuned,md_K2_matched,25,70.5,1.674
amazon_video_text,dga_gnn,F1-macro,baseline,none,25,55.584,4.907
amazon_video_text,dga_gnn,F1-macro,flag,cosine,25,69.045,1.594
amazon_video_text,dga_gnn,F1-macro,flag,md_K2_matched,25,69.86,1.828
amazon_video_text,dga_gnn,F1-macro,flag_finetuned,cosine,25,68.926,2.677
amazon_video_text,dga_gnn,F1-macro,flag_finetuned,md_K2_matched,25,70.112,2.114
amazon_video_text,pmp,F1-macro,baseline,none,25,82.491,1.832
amazon_video_text,pmp,F1-macro,flag,cosine,25,69.102,2.432
amazon_video_text,pmp,F1-macro,flag,md_K2_matched,25,70.796,1.798
amazon_video_text,pmp,F1-macro,flag_finetuned,cosine,25,66.66,4.099
amazon_video_text,pmp,F1-macro,flag_finetuned,md_K2_matched,25,69.547,2.322
yelpchi_text,gcn,F1-macro,baseline,none,25,64.87,0.132
yelpchi_text,gcn,F1-macro,flag,cosine,25,59.767,0.365
yelpchi_text,gcn,F1-macro,flag,md_K2_matched,25,59.822,0.503
yelpchi_text,gcn,F1-macro,flag_finetuned,cosine,25,59.694,0.357
yelpchi_text,gcn,F1-macro,flag_finetuned,md_K2_matched,25,59.874,0.212
yelpchi_text,gat,F1-macro,baseline,none,25,46.492,1.142
yelpchi_text,gat,F1-macro,flag,cosine,25,58.118,0.435
yelpchi_text,gat,F1-macro,flag,md_K2_matched,25,58.506,0.39
yelpchi_text,gat,F1-macro,flag_finetuned,cosine,25,58.241,0.424
yelpchi_text,gat,F1-macro,flag_finetuned,md_K2_matched,25,58.542,0.426
yelpchi_text,geniepath,F1-macro,baseline,none,25,64.763,0.234
yelpchi_text,geniepath,F1-macro,flag,cosine,25,59.757,0.389
yelpchi_text,geniepath,F1-macro,flag,md_K2_matched,25,59.705,0.418
yelpchi_text,geniepath,F1-macro,flag_finetuned,cosine,25,59.674,0.3
yelpchi_text,geniepath,F1-macro,flag_finetuned,md_K2_matched,25,59.703,0.369
yelpchi_text,care_gnn,F1-macro,baseline,none,25,54.607,1.329
yelpchi_text,care_gnn,F1-macro,flag,cosine,25,58.848,0.319
yelpchi_text,care_gnn,F1-macro,flag,md_K2_matched,25,58.902,0.304
yelpchi_text,care_gnn,F1-macro,flag_finetuned,cosine,25,58.582,0.301
yelpchi_text,care_gnn,F1-macro,flag_finetuned,md_K2_matched,25,58.688,0.366
yelpchi_text,bwgnn,F1-macro,baseline,none,25,64.892,0.138
yelpchi_text,bwgnn,F1-macro,flag,cosine,25,59.641,0.417
yelpchi_text,bwgnn,F1-macro,flag,md_K2_matched,25,59.612,0.378
yelpchi_text,bwgnn,F1-macro,flag_finetuned,cosine,25,59.523,0.306
yelpchi_text,bwgnn,F1-macro,flag_finetuned,md_K2_matched,25,59.779,0.288
yelpchi_text,dga_gnn,F1-macro,baseline,none,25,46.893,3.03
yelpchi_text,dga_gnn,F1-macro,flag,cosine,25,57.88,0.715
yelpchi_text,dga_gnn,F1-macro,flag,md_K2_matched,25,58.327,1.112
yelpchi_text,dga_gnn,F1-macro,flag_finetuned,cosine,25,58.1,0.634
yelpchi_text,dga_gnn,F1-macro,flag_finetuned,md_K2_matched,25,58.247,0.843
yelpchi_text,pmp,F1-macro,baseline,none,25,62.858,1.475
yelpchi_text,pmp,F1-macro,flag,cosine,25,59.197,0.509
yelpchi_text,pmp,F1-macro,flag,md_K2_matched,25,59.375,0.352
yelpchi_text,pmp,F1-macro,flag_finetuned,cosine,25,59.187,0.441
yelpchi_text,pmp,F1-macro,flag_finetuned,md_K2_matched,25,59.492,0.303
